PassengerId,Survived,Name,Age,SibSp,Parch,Ticket,Fare,Cabin,Sex_male,Embarked_Q,Embarked_S,Pclass_2,Pclass_3
1,0,"Braund, Mr. Owen Harris",-0.5657364610748746,1,0,A/5 21171,-0.5024451714361923,Unknown,True,False,True,False,True
2,1,"Cumings, Mrs. John Bradley (Florence Briggs Thayer)",0.6638610320657843,1,0,PC 17599,0.7868452935884461,C85,False,False,False,False,False
3,1,"Heikkinen, Miss. Laina",-0.2583370877897099,0,0,STON/O2. 3101282,-0.4888542575852486,Unknown,False,False,True,False,True
4,1,"Futrelle, Mrs. Jacques Heath (Lily May Peel)",0.4333115021019107,1,0,113803,0.4207302360686478,C123,False,False,True,False,False
5,0,"Allen, Mr. William Henry",0.4333115021019107,0,0,373450,-0.4863374216869257,Unknown,True,False,True,False,True
6,0,"Moran, Mr. James",-0.10463740114712752,0,0,330877,-0.47811642890864375,Unknown,True,True,False,False,True
7,0,"McCarthy, Mr. Timothy J",1.893458525206443,0,0,17463,0.395813560675251,E46,True,False,True,False,False
8,0,"Palsson, Master. Gosta Leonard",-2.1027333275006983,3,1,349909,-0.22408312108167944,Unknown,True,False,True,False,True
9,1,"Johnson, Mrs. Oscar W (Elisabeth Vilhelmina Berg)",-0.1814872444684187,0,2,347742,-0.4242561406845337,Unknown,False,False,True,False,True
10,1,"Nasser, Mrs. Nicholas (Adele Achem)",-1.180535207645204,1,0,237736,-0.04295550208861426,Unknown,False,False,False,True,False
11,1,"Sandstrom, Miss. Marguerite Rut",-1.949033640858116,1,1,PP 9549,-0.312172377522981,G6,False,False,True,False,True
12,1,"Bonnell, Miss. Elizabeth",2.200857898491608,0,0,113783,-0.11384570873513637,C103,False,False,True,False,False
13,0,"Saundercock, Mr. William Henry",-0.719436147717457,0,0,A/5. 2151,-0.4863374216869257,Unknown,True,False,True,False,True
14,0,"Andersson, Mr. Anders Johan",0.7407108753870755,1,5,347082,-0.01870931177853076,Unknown,True,False,True,False,True
15,0,"Vestrom, Miss. Hulda Amanda Adolfina",-1.180535207645204,0,0,350406,-0.4902797934380587,Unknown,False,False,True,False,True
16,1,"Hewlett, Mrs. (Mary D Kingcome) ",1.9703083685277343,0,0,248706,-0.3262666585535892,Unknown,False,False,True,True,False
17,0,"Rice, Master. Eugene",-2.1027333275006983,4,1,382652,-0.06199888922968463,Unknown,True,True,False,False,True
18,1,"Williams, Mr. Charles Eugene",-0.10463740114712752,0,0,244373,-0.3866707201133388,Unknown,True,False,True,True,False
19,0,"Vander Planke, Mrs. Julius (Emelia Maria Vandemoortele)",0.12591212881674602,1,0,345763,-0.2859972841804228,Unknown,False,False,True,False,True
20,1,"Masselmani, Mrs. Fatima",-0.10463740114712752,0,0,2649,-0.5029485386158568,Unknown,False,False,False,False,True
21,0,"Fynney, Mr. Joseph J",0.4333115021019107,0,0,239865,-0.12491978668775715,Unknown,True,False,True,True,False
22,1,"Beesley, Mr. Lawrence",0.35646165878061953,0,0,248698,-0.3866707201133388,D56,True,False,True,True,False
23,1,"McGowan, Miss. Anna ""Annie""",-1.1036853643239128,0,0,330923,-0.4867562231804066,Unknown,False,True,False,False,True
24,1,"Sloper, Mr. William Thompson",-0.10463740114712752,0,0,113788,0.06635974158478332,A6,True,False,True,False,False
25,0,"Palsson, Miss. Torborg Danira",-1.6416342675729512,3,1,349909,-0.22408312108167944,Unknown,False,False,True,False,True
26,1,"Asplund, Mrs. Carl Oscar (Selma Augusta Emilia Johansson)",0.6638610320657843,1,5,347077,-0.016444159470040135,Unknown,False,False,True,False,True
27,0,"Emir, Mr. Farred Chehab",-0.10463740114712752,0,0,2631,-0.5029485386158568,Unknown,True,False,False,False,True
28,0,"Fortune, Mr. Charles Alexander",-0.7962859910387481,3,2,19950,4.647001076532463,C23 C25 C27,True,False,True,False,False
29,1,"O'Dwyer, Miss. Ellen ""Nellie""",-0.10463740114712752,0,0,330959,-0.48977642625839407,Unknown,False,True,False,False,True
30,0,"Todoroff, Mr. Lalio",-0.10463740114712752,0,0,349216,-0.4894421904510968,Unknown,True,False,True,False,True
31,0,"Uruchurtu, Don. Manuel E",0.8175607187083667,0,0,PC 17601,-0.09027201697708476,Unknown,True,False,False,False,False
32,1,"Spencer, Mrs. William Augustus (Marie Eugenie)",-0.10463740114712752,1,0,PC 17569,2.301728820789,B78,False,False,False,False,False
33,1,"Glynn, Miss. Mary Agatha",-0.10463740114712752,0,0,335677,-0.49237782784290063,Unknown,False,True,False,False,True
34,0,"Wheadon, Mr. Edward H",2.8156566450619374,0,0,C.A. 24579,-0.43700743807979686,Unknown,True,False,True,True,False
35,0,"Meyer, Mr. Edgar Joseph",-0.10463740114712752,1,0,PC 17604,1.0060617003323709,Unknown,True,False,False,False,False
36,0,"Holverson, Mr. Alexander Oskar",0.9712604053509489,1,0,113789,0.39858208016340624,Unknown,True,False,True,False,False
37,1,"Mamee, Mr. Hanna",-0.10463740114712752,0,0,2677,-0.5028639729296732,Unknown,True,False,False,False,True
38,0,"Cann, Mr. Ernest Charles",-0.6425863043961658,0,0,A./5. 2152,-0.4863374216869257,Unknown,True,False,True,False,True
39,0,"Vander Planke, Miss. Augusta Maria",-0.8731358343600393,2,0,345764,-0.2859972841804228,Unknown,False,False,True,False,True
40,1,"Nicola-Yarred, Miss. Jamila",-1.180535207645204,1,0,2651,-0.42207354059350805,Unknown,False,False,False,False,True
41,0,"Ahlin, Mrs. Johan (Johanna Persdotter Larsson)",0.8175607187083667,1,0,7546,-0.4576454924460446,Unknown,False,False,True,False,True
42,0,"Turpin, Mrs. William John Robert (Dorothy Ann Wonnacott)",-0.1814872444684187,1,0,11668,-0.22559322262067316,Unknown,False,False,True,True,False
43,0,"Kraeff, Mr. Theodor",-0.10463740114712752,0,0,349253,-0.4894421904510968,Unknown,True,False,False,False,True
44,1,"Laroche, Miss. Simonne Marie Anne Andree",-2.025883484179407,1,2,SC/Paris 2123,0.18876253192945994,Unknown,False,False,False,True,False
45,1,"Devaney, Miss. Margaret Delia",-0.7962859910387481,0,0,330958,-0.48977642625839407,Unknown,False,True,False,False,True
46,0,"Rogers, Mr. William John",-0.10463740114712752,0,0,S.C./A.4. 23567,-0.4863374216869257,Unknown,True,False,True,False,True
47,0,"Lennon, Mr. Denis",-0.10463740114712752,1,0,370371,-0.3363340021468808,Unknown,True,True,False,False,True
48,1,"O'Driscoll, Miss. Bridget",-0.10463740114712752,0,0,14311,-0.49237782784290063,Unknown,False,True,False,False,True
49,0,"Samaan, Mr. Youssef",-0.10463740114712752,2,0,2662,-0.21191774308354583,Unknown,True,False,False,False,True
50,0,"Arnold-Franchi, Mrs. Josef (Josefine Franchi)",-0.8731358343600393,1,0,349237,-0.29002422161773944,Unknown,False,False,True,False,True
51,0,"Panula, Master. Juha Niilo",-1.7184841108942424,4,1,3101295,0.1506737441786005,Unknown,True,False,True,False,True
52,0,"Nosworthy, Mr. Richard Cater",-0.6425863043961658,0,0,A/4. 39886,-0.4913710934835715,Unknown,True,False,True,False,True
53,1,"Harper, Mrs. Henry Sleeper (Myna Haxtun)",1.5092093085999871,1,0,PC 17572,0.8964967865378598,D33,False,False,False,False,False
54,1,"Faunthorpe, Mrs. Lizzie (Elizabeth Anne Wilkinson)",-0.027787557825836348,1,0,2926,-0.12491978668775715,Unknown,False,False,True,True,False
55,0,"Ostby, Mr. Engelhart Cornelius",2.738806801740646,0,1,113509,0.5995101505357573,B30,True,False,False,False,False
56,1,"Woolner, Mr. Hugh",-0.10463740114712752,0,0,19947,0.06635974158478332,C52,True,False,True,False,False
57,1,"Rugg, Miss. Emily",-0.6425863043961658,0,0,C.A. 31026,-0.43700743807979686,Unknown,False,False,True,True,False
58,0,"Novel, Mr. Mansouer",-0.06621247948648194,0,0,2697,-0.5028639729296732,Unknown,True,False,False,False,True
59,1,"West, Miss. Constance Mirium",-1.8721837975368247,1,2,C.A. 34651,-0.08968408411123653,Unknown,False,False,True,True,False
60,0,"Goodwin, Master. William Frederick",-1.4110847376090776,5,2,CA 2144,0.2958951755118318,Unknown,True,False,True,False,True
61,0,"Sirayanian, Mr. Orsen",-0.5657364610748746,0,0,2669,-0.5028639729296732,Unknown,True,False,False,False,True
62,1,"Icard, Miss. Amelie",0.6638610320657843,0,0,113572,0.962353321387736,B28,False,False,True,False,False
63,0,"Harris, Mr. Henry Birkhardt",1.2018099353148226,1,0,36973,1.0323213593611125,C83,True,False,True,False,False
64,0,"Skoog, Master. Harald",-1.949033640858116,3,2,347088,-0.08666388103324908,Unknown,True,False,True,False,True
65,0,"Stewart, Mr. Albert A",-0.10463740114712752,0,0,PC 17605,-0.09027201697708476,Unknown,True,False,False,False,False
66,1,"Moubarek, Master. Gerios",-0.10463740114712752,1,1,2661,-0.3414522396297103,Unknown,True,False,False,False,True
67,1,"Nye, Mrs. (Elizabeth Ramell)",-0.027787557825836348,0,0,C.A. 29395,-0.43700743807979686,F33,False,False,True,True,False
68,0,"Crease, Mr. Ernest James",-0.7962859910387481,0,0,S.P. 3464,-0.4841568350646187,Unknown,True,False,True,False,True
69,1,"Andersson, Miss. Erna Alexandra",-0.9499856776813305,4,2,3101281,-0.4888542575852486,Unknown,False,False,True,False,True
70,0,"Kink, Mr. Vincenz",-0.2583370877897099,2,0,315151,-0.47400492578514347,Unknown,True,False,True,False,True
71,0,"Jenkin, Mr. Stephen Curnow",0.20276197213803718,0,0,C.A. 33111,-0.43700743807979686,Unknown,True,False,True,True,False
72,0,"Goodwin, Miss. Lillian Amy",-1.0268355210026217,5,2,CA 2144,0.2958951755118318,Unknown,False,False,True,False,True
73,0,"Hood, Mr. Ambrose Jr",-0.6425863043961658,0,0,S.O.C. 14879,0.8314778546749452,Unknown,True,False,True,True,False
74,0,"Chronopoulos, Mr. Apostolos",-0.2583370877897099,1,0,2680,-0.3573908580066095,Unknown,True,False,False,False,True
75,1,"Bing, Mr. Lee",0.20276197213803718,0,0,1601,0.48910360681684706,Unknown,True,False,True,False,True
76,0,"Moen, Mr. Sigurd Hansen",-0.33518693111100106,0,0,348123,-0.494391296561559,F G73,True,False,True,False,True
77,0,"Staneff, Mr. Ivan",-0.10463740114712752,0,0,349208,-0.4894421904510968,Unknown,True,False,True,False,True
78,0,"Moutal, Mr. Rahamin Haim",-0.10463740114712752,0,0,374746,-0.4863374216869257,Unknown,True,False,True,False,True
79,1,"Caldwell, Master. Alden Gates",-2.192647644186609,0,2,248738,-0.06451572512800753,Unknown,True,False,True,True,False
80,1,"Dowdell, Miss. Elizabeth",0.04906228549545483,0,0,364516,-0.397241430886295,Unknown,False,False,True,False,True
81,0,"Waelens, Mr. Achille",-0.5657364610748746,0,0,345767,-0.46720946885967163,Unknown,True,False,True,False,True
82,1,"Sheerlinck, Mr. Jan Baptist",-0.027787557825836348,0,0,345779,-0.45714212526638004,Unknown,True,False,True,False,True
83,1,"McDermott, Miss. Brigdet Delia",-0.10463740114712752,0,0,330932,-0.49162277707340374,Unknown,False,True,False,False,True
84,0,"Carrau, Mr. Francisco M",-0.10463740114712752,0,0,113059,0.29992211294914856,Unknown,True,False,True,False,False
85,1,"Ilett, Miss. Bertha",-0.9499856776813305,0,0,SO/C 14885,-0.43700743807979686,Unknown,False,False,True,True,False
86,1,"Backstrom, Mrs. Karl Alfred (Maria Mathilda Gustafsson)",0.27961181545932834,3,0,3101278,-0.32928686163157667,Unknown,False,False,True,False,True
87,0,"Ford, Mr. William Neal",-1.0268355210026217,1,3,W./C. 6608,0.04370821849987721,Unknown,True,False,True,False,True
88,0,"Slocovski, Mr. Selman Francis",-0.10463740114712752,0,0,SOTON/OQ 392086,-0.4863374216869257,Unknown,True,False,True,False,True
89,1,"Fortune, Miss. Mabel Helen",-0.48888661775358344,3,2,19950,4.647001076532463,C23 C25 C27,False,False,True,False,False
90,0,"Celotti, Mr. Francesco",-0.41203677443229225,0,0,343275,-0.4863374216869257,Unknown,True,False,True,False,True
91,0,"Christmann, Mr. Emil",-0.027787557825836348,0,0,343276,-0.4863374216869257,Unknown,True,False,True,False,True
92,0,"Andreasson, Mr. Paul Edvin",-0.719436147717457,0,0,347466,-0.4902797934380587,Unknown,True,False,True,False,True
93,0,"Chaffee, Mr. Herbert Fuller",1.2786597786361138,1,0,W.E.P. 5734,0.5833178351003071,E31,True,False,True,False,False
94,0,"Dean, Mr. Bertram Frank",-0.2583370877897099,1,2,C.A. 2315,-0.23415046467497105,Unknown,True,False,True,False,True
95,0,"Coxon, Mr. Daniel",2.277707741812899,0,0,364500,-0.5024451714361923,Unknown,True,False,True,False,True
96,0,"Shorney, Mr. Charles Joseph",-0.10463740114712752,0,0,374910,-0.4863374216869257,Unknown,True,False,True,False,True
97,0,"Goldschmidt, Mr. George B",3.1999058616683933,0,0,PC 17754,0.0493298231623713,A5,True,False,False,False,False
98,1,"Greenfield, Mr. William Bertram",-0.48888661775358344,0,1,PC 17759,0.6272778976347743,D10 D12,True,False,False,False,False
99,1,"Doling, Mrs. John T (Ada Julia Bone)",0.35646165878061953,0,1,231919,-0.18532384824750675,Unknown,False,False,True,True,False
100,0,"Kantor, Mr. Sinai",0.35646165878061953,1,0,244367,-0.12491978668775715,Unknown,True,False,True,True,False
101,0,"Petranec, Miss. Matilda",-0.10463740114712752,0,0,349245,-0.4894421904510968,Unknown,False,False,True,False,True
102,0,"Petroff, Mr. Pastcho (""Pentcho"")",-0.10463740114712752,0,0,349215,-0.4894421904510968,Unknown,True,False,True,False,True
103,0,"White, Mr. Richard Frasar",-0.6425863043961658,0,1,35281,0.907737982394129,D26,True,False,True,False,False
104,0,"Johansson, Mr. Gustaf Joel",0.27961181545932834,0,0,7540,-0.4741720436887921,Unknown,True,False,True,False,True
105,0,"Gustafsson, Mr. Anders Vilhelm",0.5870111887444931,2,0,3101276,-0.4888542575852486,Unknown,True,False,True,False,True
106,0,"Mionoff, Mr. Stoytcho",-0.10463740114712752,0,0,349207,-0.4894421904510968,Unknown,True,False,True,False,True
107,1,"Salkjelsvik, Miss. Anna Kristine",-0.6425863043961658,0,0,343120,-0.494391296561559,Unknown,False,False,True,False,True
108,1,"Moss, Mr. Albert Johan",-0.10463740114712752,0,0,312991,-0.4918744606632361,Unknown,True,False,True,False,True
109,0,"Rekic, Mr. Tido",0.6638610320657843,0,0,349249,-0.4894421904510968,Unknown,True,False,True,False,True
110,1,"Moran, Miss. Bertha",-0.10463740114712752,1,0,371110,-0.1621689579829361,Unknown,False,True,False,False,True
111,0,"Porter, Mr. Walter Chamberlain",1.3555096219574048,0,0,110465,0.39858208016340624,C110,True,False,True,False,False
112,0,"Zabour, Miss. Hileni",-1.1421102859845584,1,0,2665,-0.3573908580066095,Unknown,False,False,False,False,True
113,0,"Barton, Mr. David John",-0.5657364610748746,0,0,324669,-0.4863374216869257,Unknown,True,False,True,False,True
114,0,"Jussila, Miss. Katriina",-0.719436147717457,1,0,4136,-0.4505983519307405,Unknown,False,False,True,False,True
115,0,"Attalah, Miss. Malake",-0.9499856776813305,0,0,2627,-0.3573083057891445,Unknown,False,False,False,False,True
116,0,"Pekoniemi, Mr. Edvard",-0.6425863043961658,0,0,STON/O 2. 3101294,-0.4888542575852486,Unknown,True,False,True,False,True
117,0,"Connors, Mr. Patrick",3.1614809400077477,0,0,370369,-0.49237782784290063,Unknown,True,True,False,False,True
118,0,"Turpin, Mr. William John Robert",-0.027787557825836348,1,0,11668,-0.22559322262067316,Unknown,True,False,True,True,False
119,0,"Baxter, Mr. Quigg Edmond",-0.41203677443229225,0,1,PC 17558,4.335332226633905,B58 B60,True,False,False,False,False
120,0,"Andersson, Miss. Ellis Anna Maria",-2.1027333275006983,4,2,347082,-0.01870931177853076,Unknown,False,False,True,False,True
121,0,"Hickman, Mr. Stanley George",-0.6425863043961658,2,0,S.O.C. 14879,0.8314778546749452,Unknown,True,False,True,True,False
122,0,"Moore, Mr. Leonard Charles",-0.10463740114712752,0,0,A4. 54510,-0.4863374216869257,Unknown,True,False,True,False,True
123,0,"Nasser, Mr. Nicholas",0.24118689379868277,1,0,237736,-0.04295550208861426,Unknown,True,False,False,True,False
124,1,"Webber, Miss. Susan",0.24118689379868277,0,0,27267,-0.3866707201133388,E101,False,False,True,True,False
125,0,"White, Mr. Percival Wayland",1.893458525206443,0,1,35281,0.907737982394129,D26,True,False,True,False,False
126,1,"Nicola-Yarred, Master. Elias",-1.3342348942877864,1,0,2651,-0.42207354059350805,Unknown,True,False,False,False,True
127,0,"McMahon, Mr. Martin",-0.10463740114712752,0,0,370372,-0.49237782784290063,Unknown,True,True,False,False,True
128,1,"Madsen, Mr. Fridtjof Arne",-0.41203677443229225,0,0,C 17369,-0.5046257580584992,Unknown,True,False,True,False,True
129,1,"Peter, Miss. Anna",-0.10463740114712752,1,1,2668,-0.19824427701513722,F E69,False,False,False,False,True
130,0,"Ekstrom, Mr. Johan",1.2018099353148226,0,0,347061,-0.5079822104125026,Unknown,True,False,True,False,True
131,0,"Drazenoic, Mr. Jozef",0.27961181545932834,0,0,349241,-0.4894421904510968,Unknown,True,False,False,False,True
132,0,"Coelho, Mr. Domingos Fernandeo",-0.719436147717457,0,0,SOTON/O.Q. 3101307,-0.5064721088735089,Unknown,True,False,True,False,True
133,0,"Robins, Mrs. Alexander A (Grace Charity Laury)",1.3555096219574048,1,0,A/5. 3337,-0.35646868933346404,Unknown,False,False,True,False,True
134,1,"Weisz, Mrs. Leopold (Mathilde Francoise Pede)",-0.027787557825836348,1,0,228414,-0.12491978668775715,Unknown,False,False,True,True,False
135,0,"Sobey, Mr. Samuel James Hayden",-0.33518693111100106,0,0,C.A. 29178,-0.3866707201133388,Unknown,True,False,True,True,False
136,0,"Richard, Mr. Emile",-0.48888661775358344,0,0,SC/PARIS 2133,-0.3454791770670269,Unknown,True,False,False,True,False
137,1,"Newsom, Miss. Helen Monypeny",-0.7962859910387481,0,2,11752,-0.11921562980779811,D47,False,False,True,False,False
138,0,"Futrelle, Mr. Jacques Heath",0.5870111887444931,1,0,113803,0.4207302360686478,C123,True,False,True,False,False
139,0,"Osen, Mr. Olaf Elon",-1.0268355210026217,0,0,7534,-0.4628462821463391,Unknown,True,False,True,False,True
140,0,"Giglio, Mr. Victor",-0.41203677443229225,0,0,PC 17593,0.9462455716384695,B86,True,False,False,False,False
141,0,"Boulos, Mrs. Joseph (Sultana)",-0.10463740114712752,0,2,2678,-0.3414522396297103,Unknown,False,False,False,False,True
142,1,"Nysten, Miss. Anna Sofia",-0.5657364610748746,0,0,347081,-0.49237782784290063,Unknown,False,False,True,False,True
143,1,"Hakkarainen, Mrs. Pekka Pietari (Elin Matilda Dolck)",-0.41203677443229225,1,0,STON/O2. 3101279,-0.32928686163157667,Unknown,False,False,True,False,True
144,0,"Burke, Mr. Jeremiah",-0.7962859910387481,0,0,365222,-0.5125125150294839,Unknown,True,True,False,False,True
145,0,"Andrew, Mr. Edgardo Samuel",-0.8731358343600393,0,0,231945,-0.41687275089321363,Unknown,True,False,True,True,False
146,0,"Nicholls, Mr. Joseph Charles",-0.7962859910387481,1,1,C.A. 33112,0.09152810056801232,Unknown,True,False,True,True,False
147,1,"Andersson, Mr. August Edvard (""Wennerstrom"")",-0.1814872444684187,0,0,350043,-0.49145565916975514,Unknown,True,False,True,False,True
148,0,"Ford, Miss. Robina Maggie ""Ruby""",-1.56478442425166,2,2,W./C. 6608,0.04370821849987721,Unknown,False,False,True,False,True
149,0,"Navratil, Mr. Michel (""Louis M Hoffman"")",0.5485862670838475,0,2,230080,-0.12491978668775715,F2,True,False,True,True,False
150,0,"Byles, Rev. Thomas Roussel Davids",0.9712604053509489,0,0,244310,-0.3866707201133388,Unknown,True,False,True,True,False
151,0,"Bateman, Rev. Robert James",1.6629089952425695,0,0,S.O.P. 1166,-0.39623469652696586,Unknown,True,False,True,True,False
152,1,"Pears, Mrs. Thomas (Edith Wearne)",-0.5657364610748746,1,0,113776,0.6925485130875209,C2,False,False,True,False,False
153,0,"Meo, Mr. Alfonzo",2.00873329018838,0,0,A.5. 11206,-0.4863374216869257,Unknown,True,False,True,False,True
154,0,"van Billiard, Mr. Austin Blyler",0.8559856403690123,0,2,A/5. 851,-0.35646868933346404,Unknown,True,False,True,False,True
155,0,"Olsen, Mr. Ole Martin",-0.10463740114712752,0,0,Fa 265302,-0.5011867534870308,Unknown,True,False,True,False,True
156,0,"Williams, Mr. Charles Duane",1.6629089952425695,0,1,PC 17597,0.5874293382238074,Unknown,True,False,False,False,False
157,1,"Gilnagh, Miss. Katherine ""Katie""",-1.0268355210026217,0,0,35851,-0.49271407711891657,Unknown,False,True,False,False,True
158,0,"Corn, Mr. Harry",0.04906228549545483,0,0,SOTON/OQ 392090,-0.4863374216869257,Unknown,True,False,True,False,True
159,0,"Smiljanic, Mr. Mile",-0.10463740114712752,0,0,315037,-0.47400492578514347,Unknown,True,False,True,False,True
160,0,"Sage, Master. Thomas Henry",-0.10463740114712752,8,2,CA. 2343,0.7519458402879414,Unknown,True,False,True,False,True
161,0,"Cribb, Mr. John Hatfield",1.1249600919935314,0,1,371362,-0.32425318983493084,Unknown,True,False,True,False,True
162,1,"Watt, Mrs. James (Elizabeth ""Bessie"" Inglis Milne)",0.8175607187083667,0,0,C.A. 33595,-0.331300330350235,Unknown,False,False,True,True,False
163,0,"Bengtsson, Mr. John Viktor",-0.2583370877897099,0,0,347068,-0.4918744606632361,Unknown,True,False,True,False,True
164,0,"Calic, Mr. Jovo",-0.9499856776813305,0,0,315093,-0.47400492578514347,Unknown,True,False,True,False,True
165,0,"Panula, Master. Eino Viljami",-2.1795831708219895,4,1,3101295,0.1506737441786005,Unknown,True,False,True,False,True
166,1,"Goldsmith, Master. Frank John William ""Frankie""",-1.56478442425166,0,2,363291,-0.2351571990343002,Unknown,True,False,True,False,True
167,1,"Chibnall, Mrs. (Edith Martha Bowerman)",-0.10463740114712752,0,1,113505,0.4589861417231558,E33,False,False,True,False,False
168,0,"Skoog, Mrs. William (Anna Bernhardina Karlsson)",1.2018099353148226,1,4,347088,-0.08666388103324908,Unknown,False,False,True,False,True
169,0,"Baumann, Mr. John D",-0.10463740114712752,0,0,PC 17318,-0.12642988822675086,Unknown,True,False,True,False,False
170,0,"Ling, Mr. Lee",-0.10463740114712752,0,0,1601,0.48910360681684706,Unknown,True,False,True,False,True
171,0,"Van der hoef, Mr. Wyckoff",2.4314074284554814,0,0,111240,0.026090367211616904,B19,True,False,True,False,False
172,0,"Rice, Master. Arthur",-1.949033640858116,4,1,382652,-0.06199888922968463,Unknown,True,True,False,False,True
173,1,"Johnson, Miss. Eleanor Ileen",-2.1795831708219895,1,1,347742,-0.4242561406845337,Unknown,False,False,True,False,True
174,0,"Sivola, Mr. Antti Wilhelm",-0.6425863043961658,0,0,STON/O 2. 3101280,-0.4888542575852486,Unknown,True,False,True,False,True
175,0,"Smith, Mr. James Clinch",2.0471582118490255,0,0,17764,-0.030371322596999754,A7,True,False,False,False,False
176,0,"Klasen, Mr. Klas Albin",-0.8731358343600393,1,1,350404,-0.4902797934380587,Unknown,True,False,True,False,True
177,0,"Lefebre, Master. Henry Forbes",-0.10463740114712752,3,1,4133,-0.13565761536436197,Unknown,True,False,True,False,True
178,0,"Isham, Miss. Ann Elizabeth",1.5860591519212783,0,0,PC 17595,-0.07030444769415023,C49,False,False,False,False,False
179,0,"Hale, Mr. Reginald",0.04906228549545483,0,0,250653,-0.3866707201133388,Unknown,True,False,True,True,False
180,0,"Leonard, Mr. Lionel",0.5101613454232019,0,0,LINE,-0.6484216535389205,Unknown,True,False,True,False,True
181,0,"Sage, Miss. Constance Gladys",-0.10463740114712752,8,2,CA. 2343,0.7519458402879414,Unknown,False,False,True,False,True
182,0,"Pernot, Mr. Rene",-0.10463740114712752,0,0,SC/PARIS 2131,-0.34539461138084326,Unknown,True,False,False,True,False
183,0,"Asplund, Master. Clarence Gustaf Hugo",-1.56478442425166,4,2,347077,-0.016444159470040135,Unknown,True,False,True,False,True
184,1,"Becker, Master. Richard F",-2.1795831708219895,2,1,230136,0.13683114673782454,F4,True,False,True,True,False
185,1,"Kink-Heilmann, Miss. Luise Gretchen",-1.949033640858116,0,2,315153,-0.20495516825442542,Unknown,False,False,True,False,True
186,0,"Rood, Mr. Hugh Roscoe",-0.10463740114712752,0,0,113767,0.3583127057902398,A32,True,False,True,False,False
187,1,"O'Brien, Mrs. Thomas (Johanna ""Hannah"" Godfrey)",-0.10463740114712752,1,0,370365,-0.3363340021468808,Unknown,False,True,False,False,True
188,1,"Romaine, Mr. Charles Hallace (""Mr C Rolmane"")",1.2018099353148226,0,0,111428,-0.11384570873513637,Unknown,True,False,True,False,False
189,0,"Bourke, Mr. John",0.8175607187083667,1,1,364849,-0.3363340021468808,Unknown,True,True,False,False,True
190,0,"Turcin, Mr. Stjepan",0.5101613454232019,0,0,349247,-0.4894421904510968,Unknown,True,False,True,False,True
191,1,"Pinsky, Mrs. (Rosa)",0.20276197213803718,0,0,234604,-0.3866707201133388,Unknown,False,False,True,True,False
192,0,"Carbines, Mr. William",-0.7962859910387481,0,0,28424,-0.3866707201133388,Unknown,True,False,True,True,False
193,1,"Andersen-Jensen, Miss. Carla Christine Nielsine",-0.7962859910387481,1,0,350046,-0.4902797934380587,Unknown,False,False,True,False,True
194,1,"Navratil, Master. Michel M",-2.025883484179407,1,1,230080,-0.12491978668775715,F2,True,False,True,True,False
195,1,"Brown, Mrs. James Joseph (Margaret Tobin)",1.1249600919935314,0,0,PC 17610,-0.09027201697708476,B4,False,False,False,False,False
196,1,"Lurette, Miss. Elise",2.200857898491608,0,0,PC 17569,2.301728820789,B80,False,False,False,False,False
197,0,"Mernagh, Mr. Robert",-0.10463740114712752,0,0,368703,-0.49237782784290063,Unknown,True,True,False,False,True
198,0,"Olsen, Mr. Karl Siegwart Andreas",0.9712604053509489,0,1,4579,-0.47920571548543794,Unknown,True,False,True,False,True
199,1,"Madigan, Miss. Margaret ""Maggie""",-0.10463740114712752,0,0,370370,-0.49237782784290063,Unknown,False,True,False,False,True
200,0,"Yrois, Miss. Henriette (""Mrs Harbeck"")",-0.41203677443229225,0,0,248747,-0.3866707201133388,Unknown,False,False,True,True,False
201,0,"Vande Walle, Mr. Nestor Cyriel",-0.10463740114712752,0,0,345770,-0.45714212526638004,Unknown,True,False,True,False,True
202,0,"Sage, Mr. Frederick",-0.10463740114712752,8,2,CA. 2343,0.7519458402879414,Unknown,True,False,True,False,True
203,0,"Johanson, Mr. Jakob Alfred",0.35646165878061953,0,0,3101264,-0.5176307525123133,Unknown,True,False,True,False,True
204,0,"Youseff, Mr. Gerious",1.2402348569754682,0,0,2628,-0.5029485386158568,Unknown,True,False,False,False,True
205,1,"Cohen, Mr. Gurshon ""Gus""",-0.8731358343600393,0,0,A/5 3540,-0.4863374216869257,Unknown,True,False,True,False,True
206,0,"Strom, Miss. Telma Matilda",-2.1027333275006983,0,1,347054,-0.43776248884929375,G6,False,False,True,False,True
207,0,"Backstrom, Mr. Karl Alfred",0.20276197213803718,1,0,3101278,-0.32928686163157667,Unknown,True,False,True,False,True
208,1,"Albimona, Mr. Nassef Cassem",-0.2583370877897099,0,0,2699,-0.2701412180209885,Unknown,True,False,False,False,True
209,1,"Carr, Miss. Helen ""Ellen""",-1.0268355210026217,0,0,367231,-0.49237782784290063,Unknown,False,True,False,False,True
210,1,"Blank, Mr. Henry",0.8175607187083667,0,0,112277,-0.024246350754841113,A31,True,False,False,False,False
211,0,"Ali, Mr. Ahmed",-0.41203677443229225,0,0,SOTON/O.Q. 3101311,-0.5064721088735089,Unknown,True,False,True,False,True
212,1,"Cameron, Miss. Clear Annie",0.4333115021019107,0,0,F.C.C. 13528,-0.22559322262067316,Unknown,False,False,True,True,False
213,0,"Perkin, Mr. John Henry",-0.5657364610748746,0,0,A/5 21174,-0.5024451714361923,Unknown,True,False,True,False,True
214,0,"Givard, Mr. Hans Kristensen",0.04906228549545483,0,0,250646,-0.3866707201133388,Unknown,True,False,True,True,False
215,0,"Kiernan, Mr. Philip",-0.10463740114712752,1,0,367229,-0.49237782784290063,Unknown,True,True,False,False,True
216,1,"Newell, Miss. Madeleine",0.12591212881674602,1,0,35273,1.6323350375212924,D36,False,False,False,False,False
217,1,"Honkanen, Miss. Eliina",-0.1814872444684187,0,0,STON/O2. 3101283,-0.4888542575852486,Unknown,False,False,True,False,True
218,0,"Jacobsohn, Mr. Sidney Samuel",0.9712604053509489,1,0,243847,-0.10478509950117394,Unknown,True,False,True,True,False
219,1,"Bazzani, Miss. Albina",0.20276197213803718,0,0,11813,0.8876878608937296,D15,False,False,False,False,False
220,0,"Harris, Mr. Walter",0.04906228549545483,0,0,W/C 14208,-0.43700743807979686,Unknown,True,False,True,True,False
221,1,"Sunderland, Mr. Victor Francis",-1.0268355210026217,0,0,SOTON/OQ 392089,-0.4863374216869257,Unknown,True,False,True,False,True
222,0,"Bracken, Mr. James H",-0.1814872444684187,0,0,220367,-0.3866707201133388,Unknown,True,False,True,True,False
223,0,"Green, Mr. George Henry",1.6629089952425695,0,0,21440,-0.4863374216869257,Unknown,True,False,True,False,True
224,0,"Nenkoff, Mr. Christo",-0.10463740114712752,0,0,349234,-0.4894421904510968,Unknown,True,False,True,False,True
225,1,"Hoyt, Mr. Frederick Maxfield",0.6638610320657843,1,0,19943,1.163700193253568,C93,True,False,True,False,False
226,0,"Berglund, Mr. Karl Ivar Sven",-0.5657364610748746,0,0,PP 4348,-0.4601623283443675,Unknown,True,False,True,False,True
227,1,"Mellors, Mr. William John",-0.7962859910387481,0,0,SW/PP 751,-0.43700743807979686,Unknown,True,False,True,True,False
228,0,"Lovell, Mr. John Hall (""Henry"")",-0.6810112260568114,0,0,A/5 21173,-0.5024451714361923,Unknown,True,False,True,False,True
229,0,"Fahlstrom, Mr. Arne Jonas",-0.8731358343600393,0,0,236171,-0.3866707201133388,Unknown,True,False,True,True,False
230,0,"Lefebre, Miss. Mathilde",-0.10463740114712752,3,1,4133,-0.13565761536436197,Unknown,False,False,True,False,True
231,1,"Harris, Mrs. Henry Birkhardt (Irene Wallach)",0.4333115021019107,1,0,36973,1.0323213593611125,C83,False,False,True,False,False
232,0,"Larsson, Mr. Bengt Edvin",-0.027787557825836348,0,0,347067,-0.4918744606632361,Unknown,True,False,True,False,True
233,0,"Sjostedt, Mr. Ernst Adolf",2.277707741812899,0,0,237442,-0.3766033765200472,Unknown,True,False,True,True,False
234,1,"Asplund, Miss. Lillian Gertrud",-1.8721837975368247,4,2,347077,-0.016444159470040135,Unknown,False,False,True,False,True
235,0,"Leyson, Mr. Robert William Norman",-0.41203677443229225,0,0,C.A. 29566,-0.43700743807979686,Unknown,True,False,True,True,False
236,0,"Harknett, Miss. Alice Phoebe",-0.10463740114712752,0,0,W./C. 6609,-0.49640476528021726,Unknown,False,False,True,False,True
237,0,"Hold, Mr. Stephen",1.1249600919935314,1,0,26707,-0.12491978668775715,Unknown,True,False,True,True,False
238,1,"Collyer, Miss. Marjorie ""Lottie""",-1.6416342675729512,0,2,C.A. 31921,-0.11988611489111134,Unknown,False,False,True,True,False
239,0,"Pengelly, Mr. Frederick William",-0.7962859910387481,0,0,28665,-0.43700743807979686,Unknown,True,False,True,True,False
240,0,"Hunt, Mr. George Henry",0.27961181545932834,0,0,SCO/W 1585,-0.4012683683236117,Unknown,True,False,True,True,False
241,0,"Zabour, Miss. Thamine",-0.10463740114712752,1,0,2665,-0.3573908580066095,Unknown,False,False,False,False,True
242,1,"Murphy, Miss. Katherine ""Kate""",-0.10463740114712752,1,0,367230,-0.3363340021468808,Unknown,False,True,False,False,True
243,0,"Coleridge, Mr. Reginald Charles",-0.027787557825836348,0,0,W./C. 14263,-0.43700743807979686,Unknown,True,False,True,True,False
244,0,"Maenpaa, Mr. Matti Alexanteri",-0.5657364610748746,0,0,STON/O 2. 3101275,-0.5049620073345151,Unknown,True,False,True,False,True
245,0,"Attalah, Mr. Sleiman",0.04906228549545483,0,0,2694,-0.5029485386158568,Unknown,True,False,False,False,True
246,0,"Minahan, Dr. William Edward",1.1249600919935314,2,0,19928,1.163700193253568,C78,True,True,False,False,False
247,0,"Lindahl, Miss. Agda Thorilda Viktoria",-0.33518693111100106,0,0,347071,-0.4918744606632361,Unknown,False,False,True,False,True
248,1,"Hamalainen, Mrs. William (Anna)",-0.41203677443229225,0,2,250649,-0.35646868933346404,Unknown,False,False,True,True,False
249,1,"Beckwith, Mr. Richard Leonard",0.5870111887444931,1,1,11751,0.40974072380221066,D35,True,False,True,False,False
250,0,"Carter, Rev. Ernest Courtenay",1.893458525206443,1,0,244252,-0.12491978668775715,Unknown,True,False,True,True,False
251,0,"Reed, Mr. James George",-0.10463740114712752,0,0,362316,-0.5024451714361923,Unknown,True,False,True,False,True
252,0,"Strom, Mrs. Wilhelm (Elna Matilda Persson)",-0.027787557825836348,1,1,347054,-0.43776248884929375,G6,False,False,True,False,True
253,0,"Stead, Mr. William Thomas",2.5082572717767726,0,0,113514,-0.11384570873513637,C87,True,False,True,False,False
254,0,"Lobb, Mr. William Arthur",0.04906228549545483,1,0,A/5. 3336,-0.32425318983493084,Unknown,True,False,True,False,True
255,0,"Rosblom, Mrs. Viktor (Helena Wilhelmina)",0.8944105620296577,0,2,370129,-0.2414492887801075,Unknown,False,False,True,False,True
256,1,"Touma, Mrs. Darwis (Hanne Youssef Razi)",-0.027787557825836348,0,2,2650,-0.3414522396297103,Unknown,False,False,False,False,True
257,1,"Thorne, Mrs. Gertrude Maybelle",-0.10463740114712752,0,0,PC 17585,0.9462455716384695,Unknown,False,False,False,False,False
258,1,"Cherry, Miss. Gladys",0.04906228549545483,0,0,110152,1.093228788100527,B77,False,False,True,False,False
259,1,"Ward, Miss. Anna",0.4333115021019107,0,0,PC 17755,9.667166525013505,Unknown,False,False,False,False,False
260,1,"Parrish, Mrs. (Lutie Davis)",1.5860591519212783,0,1,230433,-0.12491978668775715,Unknown,False,False,True,True,False
261,0,"Smith, Mr. Thomas",-0.10463740114712752,0,0,384461,-0.49237782784290063,Unknown,True,True,False,False,True
262,1,"Asplund, Master. Edvin Rojj Felix",-2.025883484179407,4,2,347077,-0.016444159470040135,Unknown,True,False,True,False,True
263,0,"Taussig, Mr. Emil",1.7397588385638607,1,1,110413,0.955306180872432,E67,True,False,True,False,False
264,0,"Harrison, Mr. William",0.8175607187083667,0,0,112059,-0.6484216535389205,B94,True,False,True,False,False
265,0,"Henry, Miss. Delia",-0.10463740114712752,0,0,382649,-0.49237782784290063,Unknown,False,True,False,False,True
266,0,"Reeves, Mr. David",0.5101613454232019,0,0,C.A. 17248,-0.43700743807979686,Unknown,True,False,True,True,False
267,0,"Panula, Mr. Ernesti Arvid",-1.0268355210026217,4,1,3101295,0.1506737441786005,Unknown,True,False,True,False,True
268,1,"Persson, Mr. Ernst Ulrik",-0.33518693111100106,1,0,347083,-0.4918744606632361,Unknown,True,False,True,False,True
269,1,"Graham, Mrs. William Thompson (Edith Junkins)",2.200857898491608,0,1,PC 17582,2.441497778832105,C125,False,False,True,False,False
270,1,"Bissette, Miss. Amelia",0.4333115021019107,0,0,PC 17760,2.0825124140450755,C99,False,False,True,False,False
271,0,"Cairns, Mr. Alexander",-0.10463740114712752,0,0,113798,-0.024246350754841113,Unknown,True,False,True,False,False
272,1,"Tornquist, Mr. William Henry",-0.33518693111100106,0,0,LINE,-0.6484216535389205,Unknown,True,False,True,False,True
273,1,"Mellinger, Mrs. (Elizabeth Anne Maidment)",0.8944105620296577,0,1,250644,-0.255795253400548,Unknown,False,False,True,True,False
274,0,"Natsch, Mr. Charles H",0.5870111887444931,0,1,PC 17596,-0.05042144409739929,C118,True,False,False,False,False
275,1,"Healy, Miss. Hanora ""Nora""",-0.10463740114712752,0,0,370375,-0.49237782784290063,Unknown,False,True,False,False,True
276,1,"Andrews, Miss. Kornelia Theodosia",2.585107115098064,1,0,13502,0.921244330558889,D7,False,False,True,False,False
277,0,"Lindblom, Miss. Augusta Charlotta",1.2018099353148226,0,0,347073,-0.49237782784290063,Unknown,False,False,True,False,True
278,0,"Parkes, Mr. Francis ""Frank""",-0.10463740114712752,0,0,239853,-0.6484216535389205,Unknown,True,False,True,True,False
279,0,"Rice, Master. Eric",-1.7184841108942424,4,1,382652,-0.06199888922968463,Unknown,True,True,False,False,True
280,1,"Abbott, Mrs. Stanton (Rosa Hunt)",0.4333115021019107,1,1,C.A. 2673,-0.24069423801061057,Unknown,False,False,True,False,True
281,0,"Duane, Mr. Frank",2.738806801740646,0,0,336439,-0.49237782784290063,Unknown,True,True,False,False,True
282,0,"Olsson, Mr. Nils Johan Goransson",-0.10463740114712752,0,0,347464,-0.4902797934380587,Unknown,True,False,True,False,True
283,0,"de Pelsmaeker, Mr. Alfons",-1.0268355210026217,0,0,345778,-0.45714212526638004,Unknown,True,False,True,False,True
284,1,"Dorking, Mr. Edward Arthur",-0.7962859910387481,0,0,A/5. 10482,-0.4863374216869257,Unknown,True,False,True,False,True
285,0,"Smith, Mr. Richard William",-0.10463740114712752,0,0,113056,-0.12491978668775715,A19,True,False,True,False,False
286,0,"Stankovic, Mr. Ivan",0.27961181545932834,0,0,349239,-0.47400492578514347,Unknown,True,False,False,False,True
287,1,"de Mulder, Mr. Theodore",0.04906228549545483,0,0,345774,-0.45714212526638004,Unknown,True,False,True,False,True
288,0,"Naidenoff, Mr. Penko",-0.5657364610748746,0,0,349206,-0.4894421904510968,Unknown,True,False,True,False,True
289,1,"Hosono, Mr. Masabumi",0.9712604053509489,0,0,237798,-0.3866707201133388,Unknown,True,False,True,True,False
290,1,"Connolly, Miss. Kate",-0.5657364610748746,0,0,370373,-0.49237782784290063,Unknown,False,True,False,False,True
291,1,"Barber, Miss. Ellen ""Nellie""",-0.2583370877897099,0,0,19877,0.9391984311231651,Unknown,False,False,True,False,False
292,1,"Bishop, Mrs. Dickinson H (Helen Walton)",-0.7962859910387481,1,0,11967,1.1854295476653287,B49,False,False,False,False,False
293,0,"Levy, Mr. Rene Jacques",0.5101613454232019,0,0,SC/Paris 2163,-0.3891875560116617,D,True,False,False,True,False
294,0,"Haas, Miss. Aloisia",-0.41203677443229225,0,0,349236,-0.4702296719376591,Unknown,False,False,True,False,True
295,0,"Mineff, Mr. Ivan",-0.41203677443229225,0,0,349233,-0.4894421904510968,Unknown,True,False,True,False,True
296,0,"Lewy, Mr. Ervin G",-0.10463740114712752,0,0,PC 17612,-0.09027201697708476,Unknown,True,False,False,False,False
297,0,"Hanna, Mr. Mansour",-0.45046169609293785,0,0,2693,-0.5028639729296732,Unknown,True,False,False,False,True
298,0,"Allison, Miss. Helen Loraine",-2.1027333275006983,1,2,113781,2.4029901895877646,C22 C26,False,False,True,False,False
299,1,"Saalfeld, Mr. Adolphe",-0.10463740114712752,0,0,19988,-0.034313694348132716,C106,True,False,True,False,False
300,1,"Baxter, Mrs. James (Helene DeLaudeniere Chaput)",1.5860591519212783,0,1,PC 17558,4.335332226633905,B58 B60,False,False,False,False,False
301,1,"Kelly, Miss. Anna Katherine ""Annie Kate""",-0.10463740114712752,0,0,9234,-0.49237782784290063,Unknown,False,True,False,False,True
302,1,"McCoy, Mr. Bernard",-0.10463740114712752,2,0,367226,-0.18029017645086096,Unknown,True,True,False,False,True
303,0,"Johnson, Mr. William Cahoone Jr",-0.7962859910387481,0,0,LINE,-0.6484216535389205,Unknown,True,False,True,False,True
304,1,"Keane, Miss. Nora A",-0.10463740114712752,0,0,226593,-0.3997582667846179,E101,False,True,False,True,False
305,0,"Williams, Mr. Howard Hugh ""Harry""",-0.10463740114712752,0,0,A/5 2466,-0.4863374216869257,Unknown,True,False,True,False,True
306,1,"Allison, Master. Hudson Trevor",-2.1857311582876924,1,2,113781,2.4029901895877646,C22 C26,True,False,True,False,False
307,1,"Fleming, Miss. Margaret",-0.10463740114712752,0,0,17421,1.5841789061771412,Unknown,False,False,False,False,False
308,1,"Penasco y Castellana, Mrs. Victor de Satode (Maria Josefa Perez de Soto y Vallejo)",-0.9499856776813305,1,0,PC 17758,1.5442457810799908,C65,False,False,False,False,False
309,0,"Abelson, Mr. Samuel",0.04906228549545483,1,0,P/PP 3381,-0.16518916106092355,Unknown,True,False,False,True,False
310,1,"Francatelli, Miss. Laura Mabel",0.04906228549545483,0,0,PC 17485,0.49782998024351216,E36,False,False,False,False,False
311,1,"Hays, Miss. Margaret Bechstein",-0.41203677443229225,0,0,11767,1.0259447039291216,C54,False,False,False,False,False
312,1,"Ryerson, Miss. Emily Borie",-0.8731358343600393,2,2,PC 17608,4.634416897040849,B57 B59 B63 B66,False,False,False,False,False
313,0,"Lahtinen, Mrs. William (Anna Sylfven)",-0.2583370877897099,1,1,250651,-0.12491978668775715,Unknown,False,False,True,True,False
314,0,"Hendekovic, Mr. Ignjac",-0.10463740114712752,0,0,349243,-0.4894421904510968,Unknown,True,False,True,False,True
315,0,"Hart, Mr. Benjamin",1.0481102486722402,1,1,F.C.C. 13529,-0.11988611489111134,Unknown,True,False,True,True,False
316,1,"Nilsson, Miss. Helmina Josefina",-0.2583370877897099,0,0,347470,-0.4902797934380587,Unknown,False,False,True,False,True
317,1,"Kantor, Mrs. Sinai (Miriam Sternin)",-0.41203677443229225,1,0,244367,-0.12491978668775715,Unknown,False,False,True,True,False
318,0,"Moraweck, Dr. Ernest",1.893458525206443,0,0,29011,-0.36653603292675563,Unknown,True,False,True,True,False
319,1,"Wick, Miss. Mary Natalie",0.12591212881674602,0,2,36928,2.671117778445337,C7,False,False,True,False,False
320,1,"Spedden, Mrs. Frederic Oakley (Margaretta Corning Stone)",0.8175607187083667,1,1,16966,2.059693773056521,E34,False,False,False,False,False
321,0,"Dennis, Mr. Samuel",-0.5657364610748746,0,0,A/5 21172,-0.5024451714361923,Unknown,True,False,True,False,True
322,0,"Danoff, Mr. Yoto",-0.1814872444684187,0,0,349219,-0.4894421904510968,Unknown,True,False,True,False,True
323,1,"Slayter, Miss. Hilda Mary",0.04906228549545483,0,0,234818,-0.3997582667846179,Unknown,False,True,False,True,False
324,1,"Caldwell, Mrs. Albert Francis (Sylvia Mae Harbaugh)",-0.5657364610748746,1,1,248738,-0.06451572512800753,Unknown,False,False,True,True,False
325,0,"Sage, Mr. George John Jr",-0.10463740114712752,8,2,CA. 2343,0.7519458402879414,Unknown,True,False,True,False,True
326,1,"Young, Miss. Marie Grice",0.5101613454232019,0,0,PC 17760,2.0825124140450755,C32,False,False,False,False,False
327,0,"Nysveen, Mr. Johan Hansen",2.4314074284554814,0,0,345364,-0.5228315422126077,Unknown,True,False,True,False,True
328,1,"Ball, Mrs. (Ada E Hall)",0.5101613454232019,0,0,28551,-0.3866707201133388,D,False,False,True,True,False
329,1,"Goldsmith, Mrs. Frank John (Emily Alice Brown)",0.12591212881674602,1,1,363291,-0.2351571990343002,Unknown,False,False,True,False,True
330,1,"Hippach, Miss. Jean Gertrude",-1.0268355210026217,0,1,111361,0.5189714017894245,B18,False,False,False,False,False
331,1,"McCoy, Miss. Agnes",-0.10463740114712752,2,0,367226,-0.18029017645086096,Unknown,False,True,False,False,True
332,0,"Partner, Mr. Austen",1.2402348569754682,0,0,113043,-0.07458306872129913,C124,True,False,True,False,False
333,0,"Graham, Mr. George Edward",0.6638610320657843,0,1,PC 17582,2.441497778832105,C91,True,False,True,False,False
334,0,"Vander Planke, Mr. Leo Edmondus",-1.0268355210026217,2,0,345764,-0.2859972841804228,Unknown,True,False,True,False,True
335,1,"Frauenthal, Mrs. Henry William (Clara Heinsheimer)",-0.10463740114712752,1,0,PC 17611,2.042579288947925,Unknown,False,False,True,False,False
336,0,"Denkoff, Mr. Mitto",-0.10463740114712752,0,0,349225,-0.4894421904510968,Unknown,True,False,True,False,True
337,0,"Pears, Mr. Thomas Clinton",-0.027787557825836348,1,0,113776,0.6925485130875209,C2,True,False,True,False,False
338,1,"Burns, Miss. Elizabeth Margaret",0.8944105620296577,0,0,16966,2.059693773056521,E40,False,False,False,False,False
339,1,"Dahl, Mr. Karl Edwart",1.2018099353148226,0,0,7598,-0.4863374216869257,Unknown,True,False,True,False,True
340,0,"Blackwell, Mr. Stephen Weart",1.2018099353148226,0,0,113784,0.06635974158478332,T,True,False,True,False,False
341,1,"Navratil, Master. Edmond Roger",-2.1027333275006983,1,1,230080,-0.12491978668775715,F2,True,False,True,True,False
342,1,"Fortune, Miss. Alice Elizabeth",-0.41203677443229225,3,2,19950,4.647001076532463,C23 C25 C27,False,False,True,False,False
343,0,"Collander, Mr. Erik Gustaf",-0.10463740114712752,0,0,248740,-0.3866707201133388,Unknown,True,False,True,True,False
344,0,"Sedgwick, Mr. Charles Frederick Waddington",-0.33518693111100106,0,0,244361,-0.3866707201133388,Unknown,True,False,True,True,False
345,0,"Fox, Mr. Stanley Hubert",0.5101613454232019,0,0,229236,-0.3866707201133388,Unknown,True,False,True,True,False
346,1,"Brown, Miss. Amelia ""Mildred""",-0.41203677443229225,0,0,248733,-0.3866707201133388,F33,False,False,True,True,False
347,1,"Smith, Miss. Marion Elsie",0.8175607187083667,0,0,31418,-0.3866707201133388,Unknown,False,False,True,True,False
348,1,"Davison, Mrs. Thomas Henry (Mary E Finck)",-0.10463740114712752,1,0,386525,-0.32425318983493084,Unknown,False,False,True,False,True
349,1,"Coutts, Master. William Loch ""William""",-2.025883484179407,1,1,C.A. 37671,-0.32828012727224753,Unknown,True,False,True,False,True
350,0,"Dimic, Mr. Jovan",0.9712604053509489,0,0,315088,-0.47400492578514347,Unknown,True,False,True,False,True
351,0,"Odahl, Mr. Nils Martin",-0.48888661775358344,0,0,7267,-0.4626791642426904,Unknown,True,False,True,False,True
352,0,"Williams-Lambert, Mr. Fletcher Fellows",-0.10463740114712752,0,0,113510,0.05629239799149171,C128,True,False,True,False,False
353,0,"Elias, Mr. Tannous",-1.1036853643239128,1,1,2695,-0.5028639729296732,Unknown,True,False,False,False,True
354,0,"Arnold-Franchi, Mr. Josef",-0.33518693111100106,1,0,349237,-0.29002422161773944,Unknown,True,False,True,False,True
355,0,"Yousif, Mr. Wazli",-0.10463740114712752,0,0,2647,-0.5029485386158568,Unknown,True,False,False,False,True
356,0,"Vanden Steen, Mr. Leo Peter",-0.10463740114712752,0,0,345783,-0.45714212526638004,Unknown,True,False,True,False,True
357,1,"Bowerman, Miss. Elsie Edith",-0.5657364610748746,0,1,113505,0.4589861417231558,E33,False,False,True,False,False
358,0,"Funk, Miss. Annie Clemmer",0.6638610320657843,0,0,237671,-0.3866707201133388,Unknown,False,False,True,True,False
359,1,"McGovern, Miss. Mary",-0.10463740114712752,0,0,330931,-0.48977642625839407,Unknown,False,True,False,False,True
360,1,"Mockler, Miss. Helen Mary ""Ellie""",-0.10463740114712752,0,0,330980,-0.48977642625839407,Unknown,False,True,False,False,True
361,0,"Skoog, Mr. Wilhelm",0.8175607187083667,1,4,347088,-0.08666388103324908,Unknown,True,False,True,False,True
362,0,"del Carlo, Mr. Sebastiano",-0.027787557825836348,1,0,SC/PARIS 2167,-0.09027201697708476,Unknown,True,False,False,True,False
363,0,"Barbara, Mrs. (Catherine David)",1.2018099353148226,0,1,2691,-0.3573908580066095,Unknown,False,False,False,False,True
364,0,"Asim, Mr. Adola",0.4333115021019107,0,0,SOTON/O.Q. 3101310,-0.5064721088735089,Unknown,True,False,True,False,True
365,0,"O'Brien, Mr. Thomas",-0.10463740114712752,1,0,370365,-0.3363340021468808,Unknown,True,True,False,False,True
366,0,"Adahl, Mr. Mauritz Nils Martin",0.04906228549545483,0,0,C 7076,-0.5024451714361923,Unknown,True,False,True,False,True
367,1,"Warren, Mrs. Frank Manley (Anna Sophia Atkinson)",2.3545575851341902,1,0,110813,0.8667135572514657,D37,False,False,False,False,False
368,1,"Moussa, Mrs. (Mantoura Boulos)",-0.10463740114712752,0,0,2626,-0.5028639729296732,Unknown,False,False,False,False,True
369,1,"Jermyn, Miss. Annie",-0.10463740114712752,0,0,14313,-0.49237782784290063,Unknown,False,True,False,False,True
370,1,"Aubart, Mme. Leontine Pauline",-0.41203677443229225,0,0,PC 17477,0.7469121684912956,B35,False,False,False,False,False
371,1,"Harder, Mr. George Achilles",-0.33518693111100106,1,0,11765,0.4678796330534696,E50,True,False,False,False,False
372,0,"Wiklund, Mr. Jakob Alfred",-0.8731358343600393,1,0,3101267,-0.5176307525123133,Unknown,True,False,True,False,True
373,0,"Beavan, Mr. William Thomas",-0.7962859910387481,0,0,323951,-0.4863374216869257,Unknown,True,False,True,False,True
374,0,"Ringhini, Mr. Sante",-0.5657364610748746,0,0,PC 17760,2.0825124140450755,Unknown,True,False,False,False,False
375,0,"Palsson, Miss. Stina Viola",-2.025883484179407,3,1,349909,-0.22408312108167944,Unknown,False,False,True,False,True
376,1,"Meyer, Mrs. Edgar Joseph (Leila Saks)",-0.10463740114712752,1,0,PC 17604,1.0060617003323709,Unknown,False,False,False,False,False
377,1,"Landergren, Miss. Aurora Adelia",-0.5657364610748746,0,0,C 7077,-0.5024451714361923,Unknown,False,False,True,False,True
378,0,"Widener, Mr. Harry Elkins",-0.1814872444684187,0,2,113503,3.610064686423428,C82,True,False,False,False,False
379,0,"Betros, Mr. Tannous",-0.719436147717457,0,0,2648,-0.5676312212027554,Unknown,True,False,False,False,True
380,0,"Gustafsson, Mr. Karl Gideon",-0.7962859910387481,0,0,347069,-0.4918744606632361,Unknown,True,False,True,False,True
381,1,"Bidois, Miss. Rosalie",0.9712604053509489,0,0,PC 17757,3.9327230485884233,Unknown,False,False,False,False,False
382,1,"Nakid, Miss. Maria (""Mary"")",-2.1795831708219895,0,2,2653,-0.33146744825388363,Unknown,False,False,False,False,True
383,0,"Tikkanen, Mr. Juho",0.20276197213803718,0,0,STON/O 2. 3101293,-0.4888542575852486,Unknown,True,False,True,False,True
384,1,"Holverson, Mrs. Alexander Oskar (Mary Aline Towner)",0.4333115021019107,1,0,113789,0.39858208016340624,Unknown,False,False,True,False,False
385,0,"Plotcharsky, Mr. Vasil",-0.10463740114712752,0,0,349227,-0.4894421904510968,Unknown,True,False,True,False,True
386,0,"Davies, Mr. Charles Henry",-0.8731358343600393,0,0,S.O.C. 14879,0.8314778546749452,Unknown,True,False,True,True,False
387,0,"Goodwin, Master. Sidney Leonard",-2.1795831708219895,5,2,CA 2144,0.2958951755118318,Unknown,True,False,True,False,True
388,1,"Buss, Miss. Kate",0.5101613454232019,0,0,27849,-0.3866707201133388,Unknown,False,False,True,True,False
389,0,"Sadlier, Mr. Matthew",-0.10463740114712752,0,0,367655,-0.49279662933638163,Unknown,True,True,False,False,True
390,1,"Lehmann, Miss. Bertha",-0.9499856776813305,0,0,SC 1748,-0.40680540729992204,Unknown,False,False,False,True,False
391,1,"Carter, Mr. William Ernest",0.5101613454232019,1,2,113760,1.7677408088510642,B96 B98,True,False,True,False,False
392,1,"Jansson, Mr. Carl Olof",-0.6425863043961658,0,0,350034,-0.49145565916975514,Unknown,True,False,True,False,True
393,0,"Gustafsson, Mr. Johan Birger",-0.10463740114712752,2,0,3101277,-0.4888542575852486,Unknown,True,False,True,False,True
394,1,"Newell, Miss. Marjorie",-0.48888661775358344,1,0,35273,1.6323350375212924,D36,False,False,False,False,False
395,1,"Sandstrom, Mrs. Hjalmar (Agnes Charlotta Bengtsson)",-0.41203677443229225,0,2,PP 9549,-0.312172377522981,G6,False,False,True,False,True
396,0,"Johansson, Mr. Erik",-0.5657364610748746,0,0,350052,-0.49145565916975514,Unknown,True,False,True,False,True
397,0,"Olsson, Miss. Elina",0.12591212881674602,0,0,350407,-0.4902797934380587,Unknown,False,False,True,False,True
398,0,"McKane, Mr. Peter David",1.2786597786361138,0,0,28403,-0.12491978668775715,Unknown,True,False,True,True,False
399,0,"Pain, Dr. Alfred",-0.48888661775358344,0,0,244278,-0.43700743807979686,Unknown,True,False,True,True,False
400,1,"Trout, Mrs. William H (Jessie L)",-0.10463740114712752,0,0,240929,-0.393717860628643,Unknown,False,False,True,True,False
401,1,"Niskanen, Mr. Juha",0.7407108753870755,0,0,STON/O 2. 3101289,-0.4888542575852486,Unknown,True,False,True,False,True
402,0,"Adams, Mr. John",-0.2583370877897099,0,0,341826,-0.4863374216869257,Unknown,True,False,True,False,True
403,0,"Jussila, Miss. Mari Aina",-0.6425863043961658,1,0,4137,-0.4505983519307405,Unknown,False,False,True,False,True
404,0,"Hakkarainen, Mr. Pekka Pietari",-0.10463740114712752,1,0,STON/O2. 3101279,-0.32928686163157667,Unknown,True,False,True,False,True
405,0,"Oreskovic, Miss. Marija",-0.719436147717457,0,0,315096,-0.47400492578514347,Unknown,False,False,True,False,True
406,0,"Gale, Mr. Shadrach",0.35646165878061953,1,0,28664,-0.22559322262067316,Unknown,True,False,True,True,False
407,0,"Widegren, Mr. Carl/Charles Peter",1.6629089952425695,0,0,347064,-0.49237782784290063,Unknown,True,False,True,False,True
408,1,"Richards, Master. William Rowe",-2.025883484179407,1,1,29106,-0.2708962687904854,Unknown,True,False,True,True,False
409,0,"Birkeland, Mr. Hans Martin Monsen",-0.6425863043961658,0,0,312992,-0.4918744606632361,Unknown,True,False,True,False,True
410,0,"Lefebre, Miss. Ida",-0.10463740114712752,3,1,4133,-0.13565761536436197,Unknown,False,False,True,False,True
411,0,"Sdycoff, Mr. Todor",-0.10463740114712752,0,0,349222,-0.4894421904510968,Unknown,True,False,True,False,True
412,0,"Hart, Mr. Henry",-0.10463740114712752,0,0,394140,-0.5103319284071769,Unknown,True,True,False,False,True
413,1,"Minahan, Miss. Daisy E",0.27961181545932834,1,0,19928,1.163700193253568,C78,False,True,False,False,False
414,0,"Cunningham, Mr. Alfred Fleming",-0.10463740114712752,0,0,239853,-0.6484216535389205,Unknown,True,False,True,True,False
415,1,"Sundman, Mr. Johan Julian",1.1249600919935314,0,0,STON/O 2. 3101269,-0.4888542575852486,Unknown,True,False,True,False,True
416,0,"Meek, Mrs. Thomas (Annie Louise Rowley)",-0.10463740114712752,0,0,343095,-0.4863374216869257,Unknown,False,False,True,False,True
417,1,"Drew, Mrs. James Vivian (Lulu Thorne Christian)",0.35646165878061953,1,1,28220,0.005955680025033696,Unknown,False,False,True,True,False
418,1,"Silven, Miss. Lyyli Karoliina",-0.8731358343600393,0,2,250652,-0.3866707201133388,Unknown,False,False,True,True,False
419,0,"Matthews, Mr. William John",0.04906228549545483,0,0,28228,-0.3866707201133388,Unknown,True,False,True,True,False
420,0,"Van Impe, Miss. Catharina",-1.4879345809303688,0,2,345773,-0.1621689579829361,Unknown,False,False,True,False,True
421,0,"Gheorgheff, Mr. Stanio",-0.10463740114712752,0,0,349254,-0.4894421904510968,Unknown,True,False,False,False,True
422,0,"Charters, Mr. David",-0.6425863043961658,0,0,A/5. 13032,-0.49271407711891657,Unknown,True,True,False,False,True
423,0,"Zimmerman, Mr. Leo",-0.027787557825836348,0,0,315082,-0.4898609919445778,Unknown,True,False,True,False,True
424,0,"Danbom, Mrs. Ernst Gilbert (Anna Sigrid Maria Brogren)",-0.10463740114712752,1,1,347080,-0.35848215805212236,Unknown,False,False,True,False,True
425,0,"Rosblom, Mr. Viktor Richard",-0.8731358343600393,1,1,370129,-0.2414492887801075,Unknown,True,False,True,False,True
426,0,"Wiseman, Mr. Phillippe",-0.10463740114712752,0,0,A/4. 34244,-0.5024451714361923,Unknown,True,False,True,False,True
427,1,"Clarke, Mrs. Charles V (Ada Maria Winfield)",-0.10463740114712752,1,0,2003,-0.12491978668775715,Unknown,False,False,True,True,False
428,1,"Phillips, Miss. Kate Florence (""Mrs Kate Louise Phillips Marshall"")",-0.7962859910387481,0,0,250655,-0.12491978668775715,Unknown,False,False,True,True,False
429,0,"Flynn, Mr. James",-0.10463740114712752,0,0,364851,-0.49237782784290063,Unknown,True,True,False,False,True
430,1,"Pickard, Mr. Berk (Berk Trembisky)",0.20276197213803718,0,0,SOTON/O.Q. 392078,-0.4863374216869257,E10,True,False,True,False,True
431,1,"Bjornstrom-Steffansson, Mr. Mauritz Hakan",-0.10463740114712752,0,0,110564,-0.11384570873513637,C52,True,False,True,False,False
432,1,"Thorneycroft, Mrs. Percival (Florence Kate White)",-0.10463740114712752,1,0,376564,-0.32425318983493084,Unknown,False,False,True,False,True
433,1,"Louch, Mrs. Charles Alexander (Alice Adelaide Slow)",0.9712604053509489,1,0,SC/AH 3085,-0.12491978668775715,Unknown,False,False,True,True,False
434,0,"Kallio, Mr. Nikolai Erland",-0.9499856776813305,0,0,STON/O 2. 3101274,-0.5049620073345151,Unknown,True,False,True,False,True
435,0,"Silvey, Mr. William Baird",1.5860591519212783,1,0,13507,0.4771073601910807,E44,True,False,True,False,False
436,1,"Carter, Miss. Lucile Polk",-1.180535207645204,1,2,113760,1.7677408088510642,B96 B98,False,False,True,False,False
437,0,"Ford, Miss. Doolina Margaret ""Daisy""",-0.6425863043961658,2,2,W./C. 6608,0.04370821849987721,Unknown,False,False,True,False,True
438,1,"Richards, Mrs. Sidney (Emily Hocking)",-0.41203677443229225,2,3,29106,-0.2708962687904854,Unknown,False,False,True,True,False
439,0,"Fortune, Mr. Mark",2.661956958419355,1,4,19950,4.647001076532463,C23 C25 C27,True,False,True,False,False
440,0,"Kvillner, Mr. Johan Henrik Johannesson",0.12591212881674602,0,0,C.A. 18723,-0.43700743807979686,Unknown,True,False,True,True,False
441,1,"Hart, Mrs. Benjamin (Esther Ada Bloomfield)",1.2018099353148226,1,1,F.C.C. 13529,-0.11988611489111134,Unknown,False,False,True,True,False
442,0,"Hampe, Mr. Leon",-0.719436147717457,0,0,345769,-0.45714212526638004,Unknown,True,False,True,False,True
443,0,"Petterson, Mr. Johan Emil",-0.33518693111100106,1,0,347076,-0.4918744606632361,Unknown,True,False,True,False,True
444,1,"Reynaldo, Ms. Encarnacion",-0.10463740114712752,0,0,230434,-0.3866707201133388,Unknown,False,False,True,True,False
445,1,"Johannesen-Bratthammer, Mr. Bernt",-0.10463740114712752,0,0,65306,-0.48507900373776425,Unknown,True,False,True,False,True
446,1,"Dodge, Master. Washington",-1.949033640858116,0,2,33638,0.9997696105865636,A34,True,False,True,False,False
447,1,"Mellinger, Miss. Madeleine Violet",-1.2573850509664952,0,1,250644,-0.255795253400548,Unknown,False,False,True,True,False
448,1,"Seward, Mr. Frederic Kimber",0.35646165878061953,0,0,113794,-0.11384570873513637,Unknown,True,False,True,False,False
449,1,"Baclini, Miss. Marie Catherine",-1.8721837975368247,2,1,2666,-0.26066180729354516,Unknown,False,False,False,False,True
450,1,"Peuchen, Major. Arthur Godfrey",1.7397588385638607,0,0,113786,-0.034313694348132716,C104,True,False,True,False,False
451,0,"West, Mr. Edwy Arthur",0.5101613454232019,1,2,C.A. 34651,-0.08968408411123653,Unknown,True,False,True,True,False
452,0,"Hagland, Mr. Ingvald Olai Olsen",-0.10463740114712752,1,0,65303,-0.2463983948905696,Unknown,True,False,True,False,True
453,0,"Foreman, Mr. Benjamin Laventall",0.04906228549545483,0,0,113051,-0.08968408411123653,C111,True,False,False,False,False
454,1,"Goldenberg, Mr. Samuel L",1.5092093085999871,1,0,17453,1.145663540471827,C92,True,False,False,False,False
455,0,"Peduzzi, Mr. Joseph",-0.10463740114712752,0,0,A/5 2817,-0.4863374216869257,Unknown,True,False,True,False,True
456,1,"Jalsevac, Mr. Ivan",-0.027787557825836348,0,0,349240,-0.4894421904510968,Unknown,True,False,False,False,True
457,0,"Millet, Mr. Francis Davis",2.738806801740646,0,0,13509,-0.11384570873513637,E38,True,False,True,False,False
458,1,"Kenyon, Mrs. Frederick R (Marion)",-0.10463740114712752,1,0,17464,0.395813560675251,D21,False,False,True,False,False
459,1,"Toomey, Miss. Ellen",1.5860591519212783,0,0,F.C.C. 13531,-0.43700743807979686,Unknown,False,False,True,True,False
460,0,"O'Connor, Mr. Maurice",-0.10463740114712752,0,0,371060,-0.49237782784290063,Unknown,True,True,False,False,True
461,1,"Anderson, Mr. Harry",1.432359465278696,0,0,19952,-0.11384570873513637,E12,True,False,True,False,False
462,0,"Morley, Mr. William",0.35646165878061953,0,0,364506,-0.4863374216869257,Unknown,True,False,True,False,True
463,0,"Gee, Mr. Arthur H",1.3555096219574048,0,0,111320,0.12676380314453292,E63,True,False,True,False,False
464,0,"Milling, Mr. Jacob Christian",1.432359465278696,0,0,234360,-0.3866707201133388,Unknown,True,False,True,True,False
465,0,"Maisner, Mr. Simon",-0.10463740114712752,0,0,A/S 2816,-0.4863374216869257,Unknown,True,False,True,False,True
466,0,"Goncalves, Mr. Manuel Estanslas",0.6638610320657843,0,0,SOTON/O.Q. 3101306,-0.5064721088735089,Unknown,True,False,True,False,True
467,0,"Campbell, Mr. William",-0.10463740114712752,0,0,239853,-0.6484216535389205,Unknown,True,False,True,True,False
468,0,"Smart, Mr. John Montgomery",2.0471582118490255,0,0,113792,-0.11384570873513637,Unknown,True,False,True,False,False
469,0,"Scanlan, Mr. James",-0.10463740114712752,0,0,36209,-0.4928811950225652,Unknown,True,True,False,False,True
470,1,"Baclini, Miss. Helene Barbara",-2.1987956316523123,2,1,2666,-0.26066180729354516,Unknown,False,False,False,False,True
471,0,"Keefe, Mr. Arthur",-0.10463740114712752,0,0,323592,-0.5024451714361923,Unknown,True,False,True,False,True
472,0,"Cacic, Mr. Luka",0.6638610320657843,0,0,315089,-0.47400492578514347,Unknown,True,False,True,False,True
473,1,"West, Mrs. Edwy Arthur (Ada Mary Worth)",0.27961181545932834,1,2,C.A. 34651,-0.08968408411123653,Unknown,False,False,True,True,False
474,1,"Jerwan, Mrs. Amin S (Marie Marthe Thuillard)",-0.48888661775358344,0,0,SC/AH Basle 541,-0.3707300882677209,D,False,False,False,True,False
475,0,"Strandberg, Miss. Ida Sofia",-0.5657364610748746,0,0,7553,-0.45034666834090825,Unknown,False,False,True,False,True
476,0,"Clifford, Mr. George Quincy",-0.10463740114712752,0,0,110465,0.39858208016340624,A14,True,False,True,False,False
477,0,"Renouf, Mr. Peter Henry",0.35646165878061953,1,0,31027,-0.22559322262067316,Unknown,True,False,True,True,False
478,0,"Braund, Mr. Lewis Richard",-0.027787557825836348,1,0,3460,-0.5065566745596926,Unknown,True,False,True,False,True
479,0,"Karlsson, Mr. Nils August",-0.5657364610748746,0,0,350060,-0.4969926981460655,Unknown,True,False,True,False,True
480,1,"Hirvonen, Miss. Hildur E",-2.1027333275006983,0,1,3101298,-0.4010166847337793,Unknown,False,False,True,False,True
481,0,"Goodwin, Master. Harold Victor",-1.56478442425166,5,2,CA 2144,0.2958951755118318,Unknown,True,False,True,False,True
482,0,"Frost, Mr. Anthony Wood ""Archie""",-0.10463740114712752,0,0,239854,-0.6484216535389205,Unknown,True,False,True,True,False
483,0,"Rouse, Mr. Richard Henry",1.5860591519212783,0,0,A/5 3594,-0.4863374216869257,Unknown,True,False,True,False,True
484,1,"Turkula, Mrs. (Hedwig)",2.585107115098064,0,0,4134,-0.455380340137554,Unknown,False,False,True,False,True
485,1,"Bishop, Mr. Dickinson H",-0.33518693111100106,1,0,11967,1.1854295476653287,B49,True,False,False,False,False
486,0,"Lefebre, Miss. Jeannie",-0.10463740114712752,3,1,4133,-0.13565761536436197,Unknown,False,False,True,False,True
487,1,"Hoyt, Mrs. Frederick Maxfield (Jane Anne Forby)",0.4333115021019107,1,0,19943,1.163700193253568,C93,False,False,True,False,False
488,0,"Kent, Mr. Edward Austin",2.200857898491608,0,0,11771,-0.05042144409739929,B37,True,False,False,False,False
489,0,"Somerton, Mr. Francis William",0.04906228549545483,0,0,A.5. 18509,-0.4863374216869257,Unknown,True,False,True,False,True
490,1,"Coutts, Master. Eden Leslie ""Neville""",-1.56478442425166,1,1,C.A. 37671,-0.32828012727224753,Unknown,True,False,True,False,True
491,0,"Hagland, Mr. Konrad Mathias Reiersen",-0.10463740114712752,1,0,65304,-0.2463983948905696,Unknown,True,False,True,False,True
492,0,"Windelov, Mr. Einar",-0.6425863043961658,0,0,SOTON/OQ 3101317,-0.5024451714361923,Unknown,True,False,True,False,True
493,0,"Molson, Mr. Harry Markland",1.9703083685277343,0,0,113787,-0.034313694348132716,C30,True,False,True,False,False
494,0,"Artagaveytia, Mr. Ramon",3.1999058616683933,0,0,PC 17609,0.3483299278831318,Unknown,True,False,False,False,False
495,0,"Stanley, Mr. Edward Roland",-0.6425863043961658,0,0,A/4 45380,-0.4863374216869257,Unknown,True,False,True,False,True
496,0,"Yousseff, Mr. Gerious",-0.10463740114712752,0,0,2627,-0.3573083057891445,Unknown,True,False,False,False,True
497,1,"Eustis, Miss. Elizabeth Mussey",1.893458525206443,1,0,36947,0.9274538680872313,D20,False,False,False,False,False
498,0,"Shellard, Mr. Frederick William",-0.10463740114712752,0,0,C.A. 6212,-0.3443878770215141,Unknown,True,False,True,False,True
499,0,"Allison, Mrs. Hudson J C (Bessie Waldo Daniels)",-0.33518693111100106,1,2,113781,2.4029901895877646,C22 C26,False,False,True,False,False
500,0,"Svensson, Mr. Olof",-0.41203677443229225,0,0,350035,-0.49145565916975514,Unknown,True,False,True,False,True
501,0,"Calic, Mr. Petar",-0.9499856776813305,0,0,315086,-0.47400492578514347,Unknown,True,False,True,False,True
502,0,"Canavan, Miss. Mary",-0.6425863043961658,0,0,364846,-0.49237782784290063,Unknown,False,True,False,False,True
503,0,"O'Sullivan, Miss. Bridget Mary",-0.10463740114712752,0,0,330909,-0.4948100980550399,Unknown,False,True,False,False,True
504,0,"Laitinen, Miss. Kristina Sofia",0.5870111887444931,0,0,4135,-0.455380340137554,Unknown,False,False,True,False,True
505,1,"Maioni, Miss. Roberta",-1.0268355210026217,0,0,110152,1.093228788100527,B79,False,False,True,False,False
506,0,"Penasco y Castellana, Mr. Victor de Satode",-0.8731358343600393,1,0,PC 17758,1.5442457810799908,C65,True,False,False,False,False
507,1,"Quick, Mrs. Frederick Charles (Jane Richards)",0.27961181545932834,0,2,26360,-0.12491978668775715,Unknown,False,False,True,True,False
508,1,"Bradley, Mr. George (""George Arthur Brayton"")",-0.10463740114712752,0,0,111427,-0.11384570873513637,Unknown,True,False,True,False,False
509,0,"Olsen, Mr. Henry Margido",-0.10463740114712752,0,0,C 4001,-0.1948878246611338,Unknown,True,False,True,False,True
510,1,"Lang, Mr. Fang",-0.2583370877897099,0,0,1601,0.48910360681684706,Unknown,True,False,True,False,True
511,1,"Daly, Mr. Eugene Patrick",-0.027787557825836348,0,0,382651,-0.49237782784290063,Unknown,True,True,False,False,True
512,0,"Webber, Mr. James",-0.10463740114712752,0,0,SOTON/OQ 3101316,-0.4863374216869257,Unknown,True,False,True,False,True
513,1,"McGough, Mr. James Robert",0.5101613454232019,0,0,PC 17473,-0.11913106412161445,E25,True,False,True,False,False
514,1,"Rothschild, Mrs. Martin (Elizabeth L. Barrett)",1.893458525206443,1,0,PC 17603,0.5475787653441219,Unknown,False,False,False,False,False
515,0,"Coleff, Mr. Satio",-0.41203677443229225,0,0,349209,-0.4974960653257301,Unknown,True,False,True,False,True
516,0,"Walker, Mr. William Anderson",1.3555096219574048,0,0,36967,0.036576512298389464,D46,True,False,True,False,False
517,1,"Lemore, Mrs. (Amelia Milley)",0.35646165878061953,0,0,C.A. 34260,-0.43700743807979686,F33,False,False,True,True,False
518,0,"Ryan, Mr. Patrick",-0.10463740114712752,0,0,371110,-0.1621689579829361,Unknown,True,True,False,False,True
519,1,"Angle, Mrs. William A (Florence ""Mary"" Agnes Hughes)",0.5101613454232019,1,0,226875,-0.12491978668775715,Unknown,False,False,True,True,False
520,0,"Pavlovic, Mr. Stefo",0.20276197213803718,0,0,349242,-0.4894421904510968,Unknown,True,False,True,False,True
521,1,"Perreault, Miss. Anne",0.04906228549545483,0,0,12749,1.2341715984066093,B73,False,False,True,False,False
522,0,"Vovk, Mr. Janko",-0.5657364610748746,0,0,349252,-0.4894421904510968,Unknown,True,False,True,False,True
523,0,"Lahoud, Mr. Sarkis",-0.10463740114712752,0,0,2624,-0.5029485386158568,Unknown,True,False,False,False,True
524,1,"Hippach, Mrs. Louis Albert (Ida Sophia Fischer)",1.1249600919935314,0,1,111361,0.5189714017894245,B18,False,False,False,False,False
525,0,"Kassem, Mr. Fared",-0.10463740114712752,0,0,2700,-0.5028639729296732,Unknown,True,False,False,False,True
526,0,"Farrell, Mr. James",0.8559856403690123,0,0,367232,-0.49237782784290063,Unknown,True,True,False,False,True
527,1,"Ridsdale, Miss. Lucy",1.5860591519212783,0,0,W./C. 14258,-0.43700743807979686,Unknown,False,False,True,True,False
528,0,"Farthing, Mr. John",-0.10463740114712752,0,0,PC 17483,3.817033162951754,C95,True,False,True,False,False
529,0,"Salonen, Mr. Johan Werner",0.7407108753870755,0,0,3101296,-0.4888542575852486,Unknown,True,False,True,False,True
530,0,"Hocking, Mr. Richard George",-0.48888661775358344,2,1,29104,-0.41687275089321363,Unknown,True,False,True,True,False
531,1,"Quick, Miss. Phyllis May",-2.1027333275006983,1,1,26360,-0.12491978668775715,Unknown,False,False,True,True,False
532,0,"Toufik, Mr. Nakli",-0.10463740114712752,0,0,2641,-0.5028639729296732,Unknown,True,False,False,False,True
533,0,"Elias, Mr. Joseph Jr",-0.9499856776813305,1,1,2690,-0.5028639729296732,Unknown,True,False,False,False,True
534,1,"Peter, Mrs. Catherine (Catherine Rizk)",-0.10463740114712752,0,2,2668,-0.19824427701513722,Unknown,False,False,False,False,True
535,0,"Cacic, Miss. Marija",0.04906228549545483,0,0,315084,-0.47400492578514347,Unknown,False,False,True,False,True
536,1,"Hart, Miss. Eva Miriam",-1.7184841108942424,0,2,F.C.C. 13529,-0.11988611489111134,Unknown,False,False,True,True,False
537,0,"Butt, Major. Archibald Willingham",1.2018099353148226,0,0,113050,-0.11384570873513637,B38,True,False,True,False,False
538,1,"LeRoy, Miss. Bertha",0.04906228549545483,0,0,PC 17761,1.4944124302931971,Unknown,False,False,False,False,False
539,0,"Risien, Mr. Samuel Beard",-0.10463740114712752,0,0,364498,-0.35646868933346404,Unknown,True,False,True,False,True
540,1,"Frolicher, Miss. Hedwig Margaritha",-0.5657364610748746,0,2,13568,0.3482453621969482,B39,False,False,False,False,False
541,1,"Crosby, Miss. Harriet R",0.5101613454232019,0,2,WE/P 5735,0.7811411367084872,B22,False,False,True,False,False
542,0,"Andersson, Miss. Ingeborg Constanzia",-1.56478442425166,4,2,347082,-0.01870931177853076,Unknown,False,False,True,False,True
543,0,"Andersson, Miss. Sigrid Elisabeth",-1.4110847376090776,4,2,347082,-0.01870931177853076,Unknown,False,False,True,False,True
544,1,"Beane, Mr. Edward",0.20276197213803718,1,0,2908,-0.12491978668775715,Unknown,True,False,True,True,False
545,0,"Douglas, Mr. Walter Donald",1.5860591519212783,1,0,PC 17761,1.4944124302931971,C86,True,False,False,False,False
546,0,"Nicholson, Mr. Arthur Ernest",2.661956958419355,0,0,693,-0.12491978668775715,Unknown,True,False,True,False,False
547,1,"Beane, Mrs. Edward (Ethel Clarke)",-0.7962859910387481,1,0,2908,-0.12491978668775715,Unknown,False,False,True,True,False
548,1,"Padro y Manent, Mr. Julian",-0.10463740114712752,0,0,SC/PARIS 2146,-0.3693045524149108,Unknown,True,False,False,True,False
549,0,"Goldsmith, Mr. Frank John",0.27961181545932834,1,1,363291,-0.2351571990343002,Unknown,True,False,True,False,True
550,1,"Davies, Master. John Morgan Jr",-1.6416342675729512,1,1,C.A. 33112,0.09152810056801232,Unknown,True,False,True,True,False
551,1,"Thayer, Mr. John Borland Jr",-0.9499856776813305,0,2,17421,1.5841789061771412,C70,True,False,False,False,False
552,0,"Sharp, Mr. Percival James R",-0.1814872444684187,0,0,244358,-0.12491978668775715,Unknown,True,False,True,True,False
553,0,"O'Brien, Mr. Timothy",-0.10463740114712752,0,0,330979,-0.49078316061772326,Unknown,True,True,False,False,True
554,1,"Leeni, Mr. Fahim (""Philip Zenni"")",-0.5657364610748746,0,0,2620,-0.5029485386158568,Unknown,True,False,False,False,True
555,1,"Ohman, Miss. Velin",-0.5657364610748746,0,0,347085,-0.4918744606632361,Unknown,False,False,True,False,True
556,0,"Wright, Mr. George",2.5082572717767726,0,0,113807,-0.11384570873513637,Unknown,True,False,True,False,False
557,1,"Duff Gordon, Lady. (Lucille Christiana Sutherland) (""Mrs Morgan"")",1.432359465278696,1,0,11755,0.1489119590497745,A16,False,False,False,False,False
558,0,"Robbins, Mr. Victor",-0.10463740114712752,0,0,PC 17757,3.9327230485884233,Unknown,True,False,False,False,False
559,1,"Taussig, Mrs. Emil (Tillie Mandelbaum)",0.7407108753870755,1,1,110413,0.955306180872432,E67,False,False,True,False,False
560,1,"de Messemaeker, Mrs. Guillaume Joseph (Emma)",0.5101613454232019,1,0,345572,-0.29807809649237277,Unknown,False,False,True,False,True
561,0,"Morrow, Mr. Thomas Rowan",-0.10463740114712752,0,0,372622,-0.49237782784290063,Unknown,True,True,False,False,True
562,0,"Sivic, Mr. Husein",0.8175607187083667,0,0,349251,-0.4894421904510968,Unknown,True,False,True,False,True
563,0,"Norman, Mr. Robert Douglas",-0.10463740114712752,0,0,218629,-0.3766033765200472,Unknown,True,False,True,True,False
564,0,"Simmons, Mr. John",-0.10463740114712752,0,0,SOTON/OQ 392082,-0.4863374216869257,Unknown,True,False,True,False,True
565,0,"Meanwell, Miss. (Marion Ogden)",-0.10463740114712752,0,0,SOTON/O.Q. 392087,-0.4863374216869257,Unknown,False,False,True,False,True
566,0,"Davies, Mr. Alfred J",-0.41203677443229225,2,0,A/4 48871,-0.1621689579829361,Unknown,True,False,True,False,True
567,0,"Stoytcheff, Mr. Ilia",-0.7962859910387481,0,0,349205,-0.4894421904510968,Unknown,True,False,True,False,True
568,0,"Palsson, Mrs. Nils (Alma Cornelia Berglund)",-0.027787557825836348,0,4,349909,-0.22408312108167944,Unknown,False,False,True,False,True
569,0,"Doharr, Mr. Tannous",-0.10463740114712752,0,0,2686,-0.5028639729296732,Unknown,True,False,False,False,True
570,1,"Jonsson, Mr. Carl",0.20276197213803718,0,0,350417,-0.4902797934380587,Unknown,True,False,True,False,True
571,1,"Harris, Mr. George",2.5082572717767726,0,0,S.W./PP 752,-0.43700743807979686,Unknown,True,False,True,True,False
572,1,"Appleton, Mrs. Edward Dale (Charlotte Lamson)",1.816608681885152,2,0,11769,0.38809593507663365,C101,False,False,True,False,False
573,1,"Flynn, Mr. John Irwin (""Irving"")",0.5101613454232019,0,0,PC 17474,-0.11711759540295616,E25,True,False,True,False,False
574,1,"Kelly, Miss. Mary",-0.10463740114712752,0,0,14312,-0.49237782784290063,Unknown,False,True,False,False,True
575,0,"Rush, Mr. Alfred George John",-1.0268355210026217,0,0,A/4. 20589,-0.4863374216869257,Unknown,True,False,True,False,True
576,0,"Patchett, Mr. George",-0.7962859910387481,0,0,358585,-0.35646868933346404,Unknown,True,False,True,False,True
577,1,"Garside, Miss. Ethel",0.35646165878061953,0,0,243880,-0.3866707201133388,Unknown,False,False,True,True,False
578,1,"Silvey, Mrs. William Baird (Alice Munger)",0.7407108753870755,1,0,13507,0.4771073601910807,E44,False,False,True,False,False
579,0,"Caram, Mrs. Joseph (Maria Elias)",-0.10463740114712752,1,0,2689,-0.3573083057891445,Unknown,False,False,False,False,True
580,1,"Jussila, Mr. Eiriik",0.20276197213803718,0,0,STON/O 2. 3101286,-0.4888542575852486,Unknown,True,False,True,False,True
581,1,"Christy, Miss. Julie Rachel",-0.33518693111100106,1,1,237789,-0.04438103794142432,Unknown,False,False,True,True,False
582,1,"Thayer, Mrs. John Borland (Marian Longstreth Morris)",0.7407108753870755,1,1,17421,1.5841789061771412,C68,False,False,False,False,False
583,0,"Downton, Mr. William James",1.893458525206443,0,0,28403,-0.12491978668775715,Unknown,True,False,True,True,False
584,0,"Ross, Mr. John Hugo",0.5101613454232019,0,0,13049,0.15948266982273065,A10,True,False,False,False,False
585,0,"Paulner, Mr. Uscher",-0.10463740114712752,0,0,3411,-0.47299819142581434,Unknown,True,False,False,False,True
586,1,"Taussig, Miss. Ruth",-0.8731358343600393,0,2,110413,0.955306180872432,E68,False,False,True,False,False
587,0,"Jarvis, Mr. John Denzil",1.3555096219574048,0,0,237565,-0.3464013457401724,Unknown,True,False,True,True,False
588,1,"Frolicher-Stehli, Mr. Maxmillian",2.3545575851341902,1,1,13567,0.9462455716384695,B41,True,False,False,False,False
589,0,"Gilinski, Mr. Eliezer",-0.5657364610748746,0,0,14973,-0.4863374216869257,Unknown,True,False,True,False,True
590,0,"Murdlin, Mr. Joseph",-0.10463740114712752,0,0,A./5. 3235,-0.4863374216869257,Unknown,True,False,True,False,True
591,0,"Rintamaki, Mr. Matti",0.4333115021019107,0,0,STON/O 2. 3101273,-0.5049620073345151,Unknown,True,False,True,False,True
592,1,"Stephenson, Mrs. Walter Bertram (Martha Eustis)",1.7397588385638607,1,0,36947,0.9274538680872313,D20,False,False,False,False,False
593,0,"Elsbury, Mr. William James",1.3555096219574048,0,0,A/5 3902,-0.5024451714361923,Unknown,True,False,True,False,True
594,0,"Bourke, Miss. Mary",-0.10463740114712752,0,2,364848,-0.49237782784290063,Unknown,False,True,False,False,True
595,0,"Chapman, Mr. John Henry",0.5870111887444931,1,0,SC/AH 29037,-0.12491978668775715,Unknown,True,False,True,True,False
596,0,"Van Impe, Mr. Jean Baptiste",0.5101613454232019,1,1,345773,-0.1621689579829361,Unknown,True,False,True,False,True
597,1,"Leitch, Miss. Jessie Wills",-0.10463740114712752,0,0,248727,0.016023023618325298,Unknown,False,False,True,True,False
598,0,"Johnson, Mr. Alfred",1.5092093085999871,0,0,LINE,-0.6484216535389205,Unknown,True,False,True,False,True
599,0,"Boulos, Mr. Hanna",-0.10463740114712752,0,0,2664,-0.5029485386158568,Unknown,True,False,False,False,True
600,1,"Duff Gordon, Sir. Cosmo Edmund (""Mr Morgan"")",1.5092093085999871,1,0,PC 17485,0.49782998024351216,A20,True,False,False,False,False
601,1,"Jacobsohn, Mrs. Sidney Samuel (Amy Frances Christy)",-0.41203677443229225,2,1,243847,-0.10478509950117394,Unknown,False,False,True,True,False
602,0,"Slabenoff, Mr. Petco",-0.10463740114712752,0,0,349214,-0.4894421904510968,Unknown,True,False,True,False,True
603,0,"Harrington, Mr. Charles H",-0.10463740114712752,0,0,113796,0.2052890831722074,Unknown,True,False,True,False,False
604,0,"Torber, Mr. Ernst William",1.1249600919935314,0,0,364511,-0.4863374216869257,Unknown,True,False,True,False,True
605,1,"Homer, Mr. Harry (""Mr E Haven"")",0.4333115021019107,0,0,111426,-0.11384570873513637,Unknown,True,False,False,False,False
606,0,"Lindell, Mr. Edvard Bengtsson",0.5101613454232019,1,0,349910,-0.3353272677875516,Unknown,True,False,True,False,True
607,0,"Karaic, Mr. Milan",0.04906228549545483,0,0,349246,-0.4894421904510968,Unknown,True,False,True,False,True
608,1,"Daniel, Mr. Robert Williams",-0.1814872444684187,0,0,113804,-0.034313694348132716,Unknown,True,False,True,False,False
609,1,"Laroche, Mrs. Joseph (Juliette Marie Louise Lafargue)",-0.5657364610748746,1,2,SC/Paris 2123,0.18876253192945994,Unknown,False,False,False,True,False
610,1,"Shutes, Miss. Elizabeth W",0.8175607187083667,0,0,PC 17582,2.441497778832105,C125,False,False,True,False,False
611,0,"Andersson, Mrs. Anders Johan (Alfrida Konstantia Brogren)",0.7407108753870755,1,5,347082,-0.01870931177853076,Unknown,False,False,True,False,True
612,0,"Jardin, Mr. Jose Neto",-0.10463740114712752,0,0,SOTON/O.Q. 3101305,-0.5064721088735089,Unknown,True,False,True,False,True
613,1,"Murphy, Miss. Margaret Jane",-0.10463740114712752,1,0,367230,-0.3363340021468808,Unknown,False,True,False,False,True
614,0,"Horgan, Mr. John",-0.10463740114712752,0,0,370377,-0.49237782784290063,Unknown,True,True,False,False,True
615,0,"Brocklebank, Mr. William Alfred",0.4333115021019107,0,0,364512,-0.4863374216869257,Unknown,True,False,True,False,True
616,1,"Herman, Miss. Alice",-0.41203677443229225,1,2,220845,0.6603330135889879,Unknown,False,False,True,True,False
617,0,"Danbom, Mr. Ernst Gilbert",0.35646165878061953,1,1,347080,-0.35848215805212236,Unknown,True,False,True,False,True
618,0,"Lobb, Mrs. William Arthur (Cordelia K Stanlick)",-0.2583370877897099,1,0,A/5. 3336,-0.32425318983493084,Unknown,False,False,True,False,True
619,1,"Becker, Miss. Marion Louise",-1.949033640858116,2,1,230136,0.13683114673782454,F4,False,False,True,True,False
620,0,"Gavey, Mr. Lawrence",-0.2583370877897099,0,0,31028,-0.43700743807979686,Unknown,True,False,True,True,False
621,0,"Yasbeck, Mr. Antoni",-0.1814872444684187,1,0,2659,-0.3573908580066095,Unknown,True,False,False,False,True
622,1,"Kimball, Mr. Edwin Nelson Jr",0.9712604053509489,1,0,11753,0.40974072380221066,D19,True,False,True,False,False
623,1,"Nakid, Mr. Sahid",-0.719436147717457,1,1,2653,-0.33146744825388363,Unknown,True,False,False,False,True
624,0,"Hansen, Mr. Henry Damsgaard",-0.6425863043961658,0,0,350029,-0.4902797934380587,Unknown,True,False,True,False,True
625,0,"Bowen, Mr. David John ""Dai""",-0.6425863043961658,0,0,54636,-0.32425318983493084,Unknown,True,False,True,False,True
626,0,"Sutton, Mr. Frederick",2.4314074284554814,0,0,36963,0.002347544081197954,D50,True,False,True,False,False
627,0,"Kirkland, Rev. Charles Leonard",2.1240080551703167,0,0,219533,-0.3997582667846179,Unknown,True,True,False,True,False
628,1,"Longley, Miss. Gretchen Fiske",-0.6425863043961658,0,0,13502,0.921244330558889,D9,False,False,True,False,False
629,0,"Bostandyeff, Mr. Guentcho",-0.2583370877897099,0,0,349224,-0.4894421904510968,Unknown,True,False,True,False,True
630,0,"O'Connell, Mr. Patrick D",-0.10463740114712752,0,0,334912,-0.49271407711891657,Unknown,True,True,False,False,True
631,1,"Barkworth, Mr. Algernon Henry Wilson",3.8915544515600136,0,0,27042,-0.04438103794142432,A23,True,False,True,False,False
632,0,"Lundahl, Mr. Johan Svensson",1.6629089952425695,0,0,347743,-0.5063875431873253,Unknown,True,False,True,False,True
633,1,"Stahelin-Maeglin, Dr. Max",0.20276197213803718,0,0,13214,-0.034313694348132716,B50,True,False,False,False,False
634,0,"Parr, Mr. William Henry Marsh",-0.10463740114712752,0,0,112052,-0.6484216535389205,Unknown,True,False,True,False,False
635,0,"Skoog, Miss. Mabel",-1.56478442425166,3,2,347088,-0.08666388103324908,Unknown,False,False,True,False,True
636,1,"Davis, Miss. Mary",-0.10463740114712752,0,0,237668,-0.3866707201133388,Unknown,False,False,True,True,False
637,0,"Leinonen, Mr. Antti Gustaf",0.20276197213803718,0,0,STON/O 2. 3101292,-0.4888542575852486,Unknown,True,False,True,False,True
638,0,"Collyer, Mr. Harvey",0.12591212881674602,1,1,C.A. 31921,-0.11988611489111134,Unknown,True,False,True,True,False
639,0,"Panula, Mrs. Juha (Maria Emilia Ojala)",0.8944105620296577,0,5,3101295,0.1506737441786005,Unknown,False,False,True,False,True
640,0,"Thorneycroft, Mr. Percival",-0.10463740114712752,1,0,376564,-0.32425318983493084,Unknown,True,False,True,False,True
641,0,"Jensen, Mr. Hans Peder",-0.719436147717457,0,0,350050,-0.4902797934380587,Unknown,True,False,True,False,True
642,1,"Sagesser, Mlle. Emma",-0.41203677443229225,0,0,PC 17477,0.7469121684912956,B35,False,False,False,False,False
643,0,"Skoog, Miss. Margit Elizabeth",-2.1027333275006983,3,2,347088,-0.08666388103324908,Unknown,False,False,True,False,True
644,1,"Foo, Mr. Choong",-0.10463740114712752,0,0,1601,0.48910360681684706,Unknown,True,False,True,False,True
645,1,"Baclini, Miss. Eugenie",-2.1987956316523123,2,1,2666,-0.26066180729354516,Unknown,False,False,False,False,True
646,1,"Harper, Mr. Henry Sleeper",1.432359465278696,1,0,PC 17572,0.8964967865378598,D33,True,False,False,False,False
647,0,"Cor, Mr. Liudevit",-0.7962859910387481,0,0,349231,-0.4894421904510968,Unknown,True,False,True,False,True
648,1,"Simonius-Blumer, Col. Oberst Alfons",2.0471582118490255,0,0,13213,0.06635974158478332,A26,True,False,False,False,False
649,0,"Willey, Mr. Edward",-0.10463740114712752,0,0,S.O./P.P. 751,-0.49640476528021726,Unknown,True,False,True,False,True
650,1,"Stanley, Miss. Amy Zillah Elsie",-0.48888661775358344,0,0,CA. 2314,-0.49640476528021726,Unknown,False,False,True,False,True
651,0,"Mitkoff, Mr. Mito",-0.10463740114712752,0,0,349221,-0.4894421904510968,Unknown,True,False,True,False,True
652,1,"Doling, Miss. Elsie",-0.8731358343600393,0,1,231919,-0.18532384824750675,Unknown,False,False,True,True,False
653,0,"Kalvik, Mr. Johannes Halvorsen",-0.6425863043961658,0,0,8475,-0.47861979608830835,Unknown,True,False,True,False,True
654,1,"O'Leary, Miss. Hanora ""Norah""",-0.10463740114712752,0,0,330919,-0.49078316061772326,Unknown,False,True,False,False,True
655,0,"Hegarty, Miss. Hanora ""Nora""",-0.8731358343600393,0,0,365226,-0.5125125150294839,Unknown,False,True,False,False,True
656,0,"Hickman, Mr. Leonard Mark",-0.41203677443229225,2,0,S.O.C. 14879,0.8314778546749452,Unknown,True,False,True,True,False
657,0,"Radeff, Mr. Alexander",-0.10463740114712752,0,0,349223,-0.4894421904510968,Unknown,True,False,True,False,True
658,0,"Bourke, Mrs. John (Catherine)",0.20276197213803718,1,1,364849,-0.3363340021468808,Unknown,False,True,False,False,True
659,0,"Eitemiller, Mr. George Floyd",-0.48888661775358344,0,0,29751,-0.3866707201133388,Unknown,True,False,True,True,False
660,0,"Newell, Mr. Arthur Webster",2.200857898491608,0,2,35273,1.6323350375212924,D48,True,False,False,False,False
661,1,"Frauenthal, Dr. Henry William",1.5860591519212783,2,0,PC 17611,2.042579288947925,Unknown,True,False,True,False,False
662,0,"Badt, Mr. Mohamed",0.8175607187083667,0,0,2623,-0.5029485386158568,Unknown,True,False,False,False,True
663,0,"Colley, Mr. Edward Pomeroy",1.3555096219574048,0,0,5727,-0.13322534515222276,E58,True,False,True,False,False
664,0,"Coleff, Mr. Peju",0.5101613454232019,0,0,349210,-0.4974960653257301,Unknown,True,False,True,False,True
665,1,"Lindqvist, Mr. Eino William",-0.719436147717457,1,0,STON/O 2. 3101285,-0.4888542575852486,Unknown,True,False,True,False,True
666,0,"Hickman, Mr. Lewis",0.20276197213803718,2,0,S.O.C. 14879,0.8314778546749452,Unknown,True,False,True,True,False
667,0,"Butler, Mr. Reginald Fenton",-0.33518693111100106,0,0,234686,-0.3866707201133388,Unknown,True,False,True,True,False
668,0,"Rommetvedt, Mr. Knud Paust",-0.10463740114712752,0,0,312993,-0.4918744606632361,Unknown,True,False,True,False,True
669,0,"Cook, Mr. Jacob",1.0481102486722402,0,0,A/5 3536,-0.4863374216869257,Unknown,True,False,True,False,True
670,1,"Taylor, Mrs. Elmer Zebley (Juliet Cummins Wright)",-0.10463740114712752,1,0,19996,0.39858208016340624,C126,False,False,True,False,False
671,1,"Brown, Mrs. Thomas William Solomon (Elizabeth Catherine Ford)",0.8175607187083667,1,1,29750,0.13683114673782454,Unknown,False,False,True,True,False
672,0,"Davidson, Mr. Thornton",0.12591212881674602,1,0,F.C. 12750,0.39858208016340624,B71,True,False,True,False,False
673,0,"Mitchell, Mr. Henry Michael",3.123056018347102,0,0,C.A. 24580,-0.43700743807979686,Unknown,True,False,True,True,False
674,1,"Wilhelms, Mr. Charles",0.12591212881674602,0,0,244270,-0.3866707201133388,Unknown,True,False,True,True,False
675,0,"Watson, Mr. Ennis Hastings",-0.10463740114712752,0,0,239856,-0.6484216535389205,Unknown,True,False,True,True,False
676,0,"Edvardsson, Mr. Gustaf Hjalmar",-0.8731358343600393,0,0,349912,-0.4918744606632361,Unknown,True,False,True,False,True
677,0,"Sawyer, Mr. Frederick Charles",-0.37361185277164666,0,0,342826,-0.4863374216869257,Unknown,True,False,True,False,True
678,1,"Turja, Miss. Anna Sofia",-0.8731358343600393,0,0,4138,-0.45026210265472455,Unknown,False,False,True,False,True
679,0,"Goodwin, Mrs. Frederick (Augusta Tyler)",1.0481102486722402,1,6,CA 2144,0.2958951755118318,Unknown,False,False,True,False,True
680,1,"Cardeza, Mr. Thomas Drake Martinez",0.5101613454232019,0,1,PC 17755,9.667166525013505,B51 B53 B55,True,False,False,False,False
681,0,"Peters, Miss. Katie",-0.10463740114712752,0,0,330935,-0.48457563655809965,Unknown,False,True,False,False,True
682,1,"Hassab, Mr. Hammad",-0.1814872444684187,0,0,PC 17572,0.8964967865378598,D49,True,False,False,False,False
683,0,"Olsvigen, Mr. Thor Anderson",-0.719436147717457,0,0,6563,-0.4626791642426904,Unknown,True,False,True,False,True
684,0,"Goodwin, Mr. Charles Edward",-1.180535207645204,5,2,CA 2144,0.2958951755118318,Unknown,True,False,True,False,True
685,0,"Brown, Mr. Thomas William Solomon",2.3545575851341902,1,1,29750,0.13683114673782454,Unknown,True,False,True,True,False
686,0,"Laroche, Mr. Joseph Philippe Lemercier",-0.33518693111100106,1,2,SC/Paris 2123,0.18876253192945994,Unknown,True,False,False,True,False
687,0,"Panula, Mr. Jaako Arnold",-1.180535207645204,4,1,3101295,0.1506737441786005,Unknown,True,False,True,False,True
688,0,"Dakic, Mr. Branko",-0.7962859910387481,0,0,349228,-0.44363577710162005,Unknown,True,False,True,False,True
689,0,"Fischer, Mr. Eberhard Thelander",-0.8731358343600393,0,0,350036,-0.49145565916975514,Unknown,True,False,True,False,True
690,1,"Madill, Miss. Georgette Alexandra",-1.1036853643239128,0,1,24160,3.6067927997556075,B5,False,False,True,False,False
691,1,"Dick, Mr. Albert Adrian",0.12591212881674602,1,0,17474,0.49925551609632224,B20,True,False,True,False,False
692,1,"Karun, Miss. Manca",-1.949033640858116,0,1,349256,-0.37828059596268965,Unknown,False,False,False,False,True
693,1,"Lam, Mr. Ali",-0.10463740114712752,0,0,1601,0.48910360681684706,Unknown,True,False,True,False,True
694,0,"Saad, Mr. Khalil",-0.33518693111100106,0,0,2672,-0.5029485386158568,Unknown,True,False,False,False,True
695,0,"Weir, Col. John",2.3545575851341902,0,0,113800,-0.11384570873513637,Unknown,True,False,True,False,False
696,0,"Chapman, Mr. Charles Henry",1.7397588385638607,0,0,248731,-0.3766033765200472,Unknown,True,False,True,True,False
697,0,"Kelly, Mr. James",1.1249600919935314,0,0,363592,-0.4863374216869257,Unknown,True,False,True,False,True
698,1,"Mullens, Miss. Katherine ""Katie""",-0.10463740114712752,0,0,35852,-0.49271407711891657,Unknown,False,True,False,False,True
699,0,"Thayer, Mr. John Borland",1.5092093085999871,1,1,17421,1.5841789061771412,C68,True,False,False,False,False
700,0,"Humblen, Mr. Adolf Mathias Nicolai Olsen",0.9712604053509489,0,0,348121,-0.494391296561559,F G63,True,False,True,False,True
701,1,"Astor, Mrs. John Jacob (Madeleine Talmadge Force)",-0.8731358343600393,1,0,PC 17757,3.9327230485884233,C62 C64,False,False,False,False,False
702,1,"Silverthorne, Mr. Spencer Victor",0.4333115021019107,0,0,PC 17475,-0.11913106412161445,E24,True,False,True,False,False
703,0,"Barbara, Miss. Saiide",-0.8731358343600393,0,1,2691,-0.3573908580066095,Unknown,False,False,False,False,True
704,0,"Gallagher, Mr. Martin",-0.33518693111100106,0,0,36864,-0.4925449457465493,Unknown,True,True,False,False,True
705,0,"Hansen, Mr. Henrik Juul",-0.2583370877897099,1,0,350025,-0.4902797934380587,Unknown,True,False,True,False,True
706,0,"Morley, Mr. Henry Samuel (""Mr Henry Marshall"")",0.7407108753870755,0,0,250655,-0.12491978668775715,Unknown,True,False,True,True,False
707,1,"Kelly, Mrs. Florence ""Fannie""",1.2018099353148226,0,0,223596,-0.3766033765200472,Unknown,False,False,True,True,False
708,1,"Calderhead, Mr. Edward Pennington",0.9712604053509489,0,0,PC 17476,-0.11913106412161445,E24,True,False,True,False,False
709,1,"Cleaver, Miss. Alice",-0.5657364610748746,0,0,113781,2.4029901895877646,Unknown,False,False,True,False,False
710,1,"Moubarek, Master. Halim Gonios (""William George"")",-0.10463740114712752,1,1,2661,-0.3414522396297103,Unknown,True,False,False,False,True
711,1,"Mayne, Mlle. Berthe Antonine (""Mrs de Villiers"")",-0.41203677443229225,0,0,PC 17482,0.3483299278831318,C90,False,False,False,False,False
712,0,"Klaber, Mr. Herman",-0.10463740114712752,0,0,113028,-0.11384570873513637,C124,True,False,True,False,False
713,1,"Taylor, Mr. Elmer Zebley",1.432359465278696,1,0,19996,0.39858208016340624,C126,True,False,True,False,False
714,0,"Larsson, Mr. August Viktor",-0.027787557825836348,0,0,7545,-0.457478374542396,Unknown,True,False,True,False,True
715,0,"Greenberg, Mr. Samuel",1.7397588385638607,0,0,250647,-0.3866707201133388,Unknown,True,False,True,True,False
716,0,"Soholt, Mr. Peter Andreas Lauritz Andersen",-0.7962859910387481,0,0,348124,-0.494391296561559,F G73,True,False,True,False,True
717,1,"Endres, Miss. Caroline Louise",0.6638610320657843,0,0,PC 17757,3.9327230485884233,C45,False,False,False,False,False
718,1,"Troutt, Miss. Edwina Celia ""Winnie""",-0.1814872444684187,0,0,34218,-0.43700743807979686,E101,False,False,True,True,False
719,0,"McEvoy, Mr. Michael",-0.10463740114712752,0,0,36568,-0.3363340021468808,Unknown,True,True,False,False,True
720,0,"Johnson, Mr. Malkolm Joackim",0.27961181545932834,0,0,347062,-0.4918744606632361,Unknown,True,False,True,False,True
721,1,"Harper, Miss. Annie Jessie ""Nina""",-1.7953339542155335,0,1,248727,0.016023023618325298,Unknown,False,False,True,True,False
722,0,"Jensen, Mr. Svend Lauritz",-0.9499856776813305,1,0,350048,-0.5063875431873253,Unknown,True,False,True,False,True
723,0,"Gillespie, Mr. William Henry",0.35646165878061953,0,0,12233,-0.3866707201133388,Unknown,True,False,True,True,False
724,0,"Hodges, Mr. Henry Price",1.5860591519212783,0,0,250643,-0.3866707201133388,Unknown,True,False,True,True,False
725,1,"Chambers, Mr. Norman Campbell",-0.1814872444684187,1,0,113806,0.4207302360686478,E8,True,False,True,False,False
726,0,"Oreskovic, Mr. Luka",-0.719436147717457,0,0,315094,-0.47400492578514347,Unknown,True,False,True,False,True
727,1,"Renouf, Mrs. Peter Henry (Lillian Jefferys)",0.04906228549545483,3,0,31027,-0.22559322262067316,Unknown,False,False,True,True,False
728,1,"Mannion, Miss. Margareth",-0.10463740114712752,0,0,36866,-0.4926295114327329,Unknown,False,True,False,False,True
729,0,"Bryhl, Mr. Kurt Arnold Gottfrid",-0.33518693111100106,1,0,236853,-0.12491978668775715,Unknown,True,False,True,True,False
730,0,"Ilmakangas, Miss. Pieta Sofia",-0.33518693111100106,1,0,STON/O2. 3101271,-0.4888542575852486,Unknown,False,False,True,False,True
731,1,"Allen, Miss. Elisabeth Walton",-0.027787557825836348,0,0,24160,3.6067927997556075,B5,False,False,True,False,False
732,0,"Hassan, Mr. Houssein G N",-1.4110847376090776,0,0,2699,-0.2701412180209885,Unknown,True,False,False,False,True
733,0,"Knight, Mr. Robert J",-0.10463740114712752,0,0,239855,-0.6484216535389205,Unknown,True,False,True,True,False
734,0,"Berriman, Mr. William John",-0.48888661775358344,0,0,28425,-0.3866707201133388,Unknown,True,False,True,True,False
735,0,"Troupiansky, Mr. Moses Aaron",-0.48888661775358344,0,0,233639,-0.3866707201133388,Unknown,True,False,True,True,False
736,0,"Williams, Mr. Leslie",-0.06621247948648194,0,0,54636,-0.32425318983493084,Unknown,True,False,True,False,True
737,0,"Ford, Mrs. Edward (Margaret Ann Watson)",1.432359465278696,1,3,W./C. 6608,0.04370821849987721,Unknown,False,False,True,False,True
738,1,"Lesurer, Mr. Gustave J",0.4333115021019107,0,0,PC 17755,9.667166525013505,B101,True,False,False,False,False
739,0,"Ivanoff, Mr. Kanio",-0.10463740114712752,0,0,349201,-0.4894421904510968,Unknown,True,False,True,False,True
740,0,"Nankoff, Mr. Minko",-0.10463740114712752,0,0,349218,-0.4894421904510968,Unknown,True,False,True,False,True
741,1,"Hawksford, Mr. Walter James",-0.10463740114712752,0,0,16988,-0.04438103794142432,D45,True,False,True,False,False
742,0,"Cavendish, Mr. Tyrell William",0.5101613454232019,1,0,19877,0.9391984311231651,C46,True,False,True,False,False
743,1,"Ryerson, Miss. Susan Parker ""Suzette""",-0.6425863043961658,2,2,PC 17608,4.634416897040849,B57 B59 B63 B66,False,False,False,False,False
744,0,"McNamee, Mr. Neal",-0.41203677443229225,1,0,376566,-0.32425318983493084,Unknown,True,False,True,False,True
745,1,"Stranden, Mr. Juho",0.12591212881674602,0,0,STON/O 2. 3101288,-0.4888542575852486,Unknown,True,False,True,False,True
746,0,"Crosby, Capt. Edward Gifford",3.123056018347102,1,1,WE/P 5735,0.7811411367084872,B22,True,False,True,False,False
747,0,"Abbott, Mr. Rossmore Edward",-1.0268355210026217,1,1,C.A. 2673,-0.24069423801061057,Unknown,True,False,True,False,True
748,1,"Sinkkonen, Miss. Anna",0.04906228549545483,0,0,250648,-0.3866707201133388,Unknown,False,False,True,True,False
749,0,"Marvin, Mr. Daniel Warner",-0.7962859910387481,1,0,113773,0.4207302360686478,D30,True,False,True,False,False
750,0,"Connaghton, Mr. Michael",0.12591212881674602,0,0,335097,-0.49237782784290063,Unknown,True,True,False,False,True
751,1,"Wells, Miss. Joan",-1.949033640858116,1,1,29103,-0.18532384824750675,Unknown,False,False,True,True,False
752,1,"Moor, Master. Meier",-1.7953339542155335,0,1,392096,-0.397241430886295,E121,True,False,True,False,True
753,0,"Vande Velde, Mr. Johannes Joseph",0.27961181545932834,0,0,345780,-0.45714212526638004,Unknown,True,False,True,False,True
754,0,"Jonkoff, Mr. Lalio",-0.48888661775358344,0,0,349204,-0.4894421904510968,Unknown,True,False,True,False,True
755,1,"Herman, Mrs. Samuel (Jane Laver)",1.432359465278696,1,2,220845,0.6603330135889879,Unknown,False,False,True,True,False
756,1,"Hamalainen, Master. Viljo",-2.204943619118015,1,1,250649,-0.35646868933346404,Unknown,True,False,True,True,False
757,0,"Carlsson, Mr. August Sigfrid",-0.10463740114712752,0,0,350042,-0.49145565916975514,Unknown,True,False,True,False,True
758,0,"Bailey, Mr. Percy Andrew",-0.8731358343600393,0,0,29108,-0.41687275089321363,Unknown,True,False,True,True,False
759,0,"Theobald, Mr. Thomas Leonard",0.35646165878061953,0,0,363294,-0.4863374216869257,Unknown,True,False,True,False,True
760,1,"Rothes, the Countess. of (Lucy Noel Martha Dyer-Edwards)",0.27961181545932834,0,0,110152,1.093228788100527,B77,False,False,True,False,False
761,0,"Garfirth, Mr. John",-0.10463740114712752,0,0,358585,-0.35646868933346404,Unknown,True,False,True,False,True
762,0,"Nirva, Mr. Iisakki Antino Aijo",0.8944105620296577,0,0,SOTON/O2 3101272,-0.5049620073345151,Unknown,True,False,True,False,True
763,1,"Barah, Mr. Hanna Assi",-0.719436147717457,0,0,2663,-0.5028639729296732,Unknown,True,False,False,False,True
764,1,"Carter, Mrs. William Ernest (Lucile Polk)",0.5101613454232019,1,2,113760,1.7677408088510642,B96 B98,False,False,True,False,False
765,0,"Eklund, Mr. Hans Linus",-1.0268355210026217,0,0,347074,-0.4918744606632361,Unknown,True,False,True,False,True
766,1,"Hogeboom, Mrs. John C (Anna Andrews)",1.6629089952425695,1,0,13502,0.921244330558889,D11,False,False,True,False,False
767,0,"Brewe, Dr. Arthur Jackson",-0.10463740114712752,0,0,112379,0.1489119590497745,Unknown,True,False,False,False,False
768,0,"Mangan, Miss. Mary",0.08748720715610042,0,0,364850,-0.49237782784290063,Unknown,False,True,False,False,True
769,0,"Moran, Mr. Daniel J",-0.10463740114712752,1,0,371110,-0.1621689579829361,Unknown,True,True,False,False,True
770,0,"Gronnestad, Mr. Daniel Danielsen",0.20276197213803718,0,0,8471,-0.4800453319411184,Unknown,True,False,True,False,True
771,0,"Lievens, Mr. Rene Aime",-0.41203677443229225,0,0,345781,-0.45714212526638004,Unknown,True,False,True,False,True
772,0,"Jensen, Mr. Niels Peder",1.432359465278696,0,0,350047,-0.4902797934380587,Unknown,True,False,True,False,True
773,0,"Mack, Mrs. (Mary)",2.1240080551703167,0,0,S.O./P.P. 3,-0.43700743807979686,E77,False,False,True,True,False
774,0,"Elias, Mr. Dibo",-0.10463740114712752,0,0,2674,-0.5029485386158568,Unknown,True,False,False,False,True
775,1,"Hocking, Mrs. Elizabeth (Eliza Needs)",1.893458525206443,1,3,29105,-0.18532384824750675,Unknown,False,False,True,True,False
776,0,"Myhrman, Mr. Pehr Fabian Oliver Malkolm",-0.8731358343600393,0,0,347078,-0.49237782784290063,Unknown,True,False,True,False,True
777,0,"Tobin, Mr. Roger",-0.10463740114712752,0,0,383121,-0.49237782784290063,F38,True,True,False,False,True
778,1,"Emanuel, Miss. Virginia Ethel",-1.8721837975368247,0,0,364516,-0.397241430886295,Unknown,False,False,True,False,True
779,0,"Kilgannon, Mr. Thomas J",-0.10463740114712752,0,0,36865,-0.4926295114327329,Unknown,True,True,False,False,True
780,1,"Robert, Mrs. Edward Scott (Elisabeth Walton McMillan)",1.0481102486722402,0,1,24160,3.6067927997556075,B3,False,False,True,False,False
781,1,"Ayoub, Miss. Banoura",-1.2573850509664952,0,0,2687,-0.5028639729296732,Unknown,False,False,False,False,True
782,1,"Dick, Mrs. Albert Adrian (Vera Gillespie)",-0.9499856776813305,1,0,17474,0.49925551609632224,B20,False,False,True,False,False
783,0,"Long, Mr. Milton Clyde",-0.027787557825836348,0,0,113501,-0.04438103794142432,D6,True,False,True,False,False
784,0,"Johnston, Mr. Andrew G",-0.10463740114712752,1,2,W./C. 6607,-0.17626323901354432,Unknown,True,False,True,False,True
785,0,"Ali, Mr. William",-0.33518693111100106,0,0,SOTON/O.Q. 3101312,-0.5064721088735089,Unknown,True,False,True,False,True
786,0,"Harmer, Mr. Abraham (David Lishin)",-0.33518693111100106,0,0,374887,-0.5024451714361923,Unknown,True,False,True,False,True
787,1,"Sjoblom, Miss. Anna Sofia",-0.8731358343600393,0,0,3101265,-0.4974960653257301,Unknown,False,False,True,False,True
788,0,"Rice, Master. George Hugh",-1.6416342675729512,4,1,382652,-0.06199888922968463,Unknown,True,True,False,False,True
789,1,"Dean, Master. Bertram Vere",-2.1795831708219895,1,2,C.A. 2315,-0.23415046467497105,Unknown,True,False,True,False,True
790,0,"Guggenheim, Mr. Benjamin",1.2786597786361138,0,0,PC 17593,0.9462455716384695,B82 B84,True,False,False,False,False
791,0,"Keane, Mr. Andrew ""Andy""",-0.10463740114712752,0,0,12460,-0.49237782784290063,Unknown,True,True,False,False,True
792,0,"Gaskell, Mr. Alfred",-1.0268355210026217,0,0,239865,-0.12491978668775715,Unknown,True,False,True,True,False
793,0,"Sage, Miss. Stella Anna",-0.10463740114712752,8,2,CA. 2343,0.7519458402879414,Unknown,False,False,True,False,True
794,0,"Hoyt, Mr. William Fisher",-0.10463740114712752,0,0,PC 17600,-0.030371322596999754,Unknown,True,False,False,False,False
795,0,"Dantcheff, Mr. Ristiu",-0.33518693111100106,0,0,349203,-0.4894421904510968,Unknown,True,False,True,False,True
796,0,"Otter, Mr. Richard",0.7407108753870755,0,0,28213,-0.3866707201133388,Unknown,True,False,True,True,False
797,1,"Leader, Dr. Alice (Farnham)",1.5092093085999871,0,0,17465,-0.1263453225405672,D17,False,False,True,False,False
798,1,"Osman, Mrs. Mara",0.12591212881674602,0,0,349244,-0.4735861242916626,Unknown,False,False,True,False,True
799,0,"Ibrahim Shawah, Mr. Yousseff",0.04906228549545483,0,0,2685,-0.5028639729296732,Unknown,True,False,False,False,True
800,0,"Van Impe, Mrs. Jean Baptiste (Rosalie Paula Govaert)",0.04906228549545483,1,1,345773,-0.1621689579829361,Unknown,False,False,True,False,True
801,0,"Ponesell, Mr. Martin",0.35646165878061953,0,0,250647,-0.3866707201133388,Unknown,True,False,True,True,False
802,1,"Collyer, Mrs. Harvey (Charlotte Annie Tate)",0.12591212881674602,1,1,C.A. 31921,-0.11988611489111134,Unknown,False,False,True,True,False
803,1,"Carter, Master. William Thornton II",-1.4110847376090776,1,2,113760,1.7677408088510642,B96 B98,True,False,True,False,False
804,1,"Thomas, Master. Assad Alexander",-2.224156079948338,0,1,2625,-0.47694056317694733,Unknown,True,False,False,False,True
805,1,"Hedman, Mr. Oskar Arvid",-0.1814872444684187,0,0,347089,-0.5079822104125026,Unknown,True,False,True,False,True
806,0,"Johansson, Mr. Karl Johan",0.12591212881674602,0,0,347063,-0.4918744606632361,Unknown,True,False,True,False,True
807,0,"Andrews, Mr. Thomas Jr",0.7407108753870755,0,0,112050,-0.6484216535389205,A36,True,False,True,False,False
808,0,"Pettersson, Miss. Ellen Natalia",-0.8731358343600393,0,0,347087,-0.4918744606632361,Unknown,False,False,True,False,True
809,0,"Meyer, Mr. August",0.7407108753870755,0,0,248723,-0.3866707201133388,Unknown,True,False,True,True,False
810,1,"Chambers, Mrs. Norman Campbell (Bertha Griggs)",0.27961181545932834,1,0,113806,0.4207302360686478,E8,False,False,True,False,False
811,0,"Alexander, Mr. William",-0.2583370877897099,0,0,3474,-0.4896093083547455,Unknown,True,False,True,False,True
812,0,"Lester, Mr. James",0.7407108753870755,0,0,A/4 48871,-0.1621689579829361,Unknown,True,False,True,False,True
813,0,"Slemen, Mr. Richard James",0.4333115021019107,0,0,28206,-0.43700743807979686,Unknown,True,False,True,True,False
814,0,"Andersson, Miss. Ebba Iris Alfrida",-1.7953339542155335,4,2,347082,-0.01870931177853076,Unknown,False,False,True,False,True
815,0,"Tomlin, Mr. Ernest Portage",0.08748720715610042,0,0,364499,-0.4863374216869257,Unknown,True,False,True,False,True
816,0,"Fry, Mr. Richard",-0.10463740114712752,0,0,112058,-0.6484216535389205,B102,True,False,True,False,False
817,0,"Heininen, Miss. Wendla Maria",-0.48888661775358344,0,0,STON/O2. 3101290,-0.4888542575852486,Unknown,False,False,True,False,True
818,0,"Mallet, Mr. Albert",0.12591212881674602,1,1,S.C./PARIS 2079,0.09664633805084172,Unknown,True,False,False,True,False
819,0,"Holm, Mr. John Fredrik Alexander",1.0481102486722402,0,0,C 7075,-0.5185529211854588,Unknown,True,False,True,False,True
820,0,"Skoog, Master. Karl Thorsten",-1.4879345809303688,3,2,347088,-0.08666388103324908,Unknown,True,False,True,False,True
821,1,"Hays, Mrs. Charles Melville (Clara Jennings Gregg)",1.7397588385638607,1,1,12749,1.2341715984066093,B69,False,False,True,False,False
822,1,"Lulic, Mr. Nikola",-0.1814872444684187,0,0,315098,-0.47400492578514347,Unknown,True,False,True,False,True
823,0,"Reuchlin, Jonkheer. John George",0.6638610320657843,0,0,19972,-0.6484216535389205,Unknown,True,False,True,False,False
824,1,"Moor, Mrs. (Beila)",-0.1814872444684187,0,1,392096,-0.397241430886295,E121,False,False,True,False,True
825,0,"Panula, Master. Urho Abraham",-2.1027333275006983,4,1,3101295,0.1506737441786005,Unknown,True,False,True,False,True
826,0,"Flynn, Mr. John",-0.10463740114712752,0,0,368323,-0.5084855775921673,Unknown,True,True,False,False,True
827,0,"Lam, Mr. Len",-0.10463740114712752,0,0,1601,0.48910360681684706,Unknown,True,False,True,False,True
828,1,"Mallet, Master. Andre",-2.1795831708219895,0,2,S.C./PARIS 2079,0.09664633805084172,Unknown,True,False,False,True,False
829,1,"McCormack, Mr. Thomas Joseph",-0.10463740114712752,0,0,367228,-0.49237782784290063,Unknown,True,True,False,False,True
830,1,"Stone, Mrs. George Nelson (Martha Evelyn)",2.5082572717767726,0,0,113572,0.962353321387736,B28,False,False,True,False,False
831,1,"Yasbeck, Mrs. Antoni (Selini Alexander)",-1.1036853643239128,1,0,2659,-0.3573908580066095,Unknown,False,False,False,False,True
832,1,"Richards, Master. George Sibley",-2.192647644186609,1,1,29106,-0.2708962687904854,Unknown,True,False,True,True,False
833,0,"Saad, Mr. Amin",-0.10463740114712752,0,0,2671,-0.5028639729296732,Unknown,True,False,False,False,True
834,0,"Augustsson, Mr. Albert",-0.48888661775358344,0,0,347468,-0.4902797934380587,Unknown,True,False,True,False,True
835,0,"Allum, Mr. Owen George",-0.8731358343600393,0,0,2223,-0.48130374989027985,Unknown,True,False,True,False,True
836,1,"Compton, Miss. Sara Rebecca",0.7407108753870755,1,1,PC 17756,1.0259447039291216,E49,False,False,False,False,False
837,0,"Pasic, Mr. Jakob",-0.6425863043961658,0,0,315097,-0.47400492578514347,Unknown,True,False,True,False,True
838,0,"Sirota, Mr. Maurice",-0.10463740114712752,0,0,392092,-0.4863374216869257,Unknown,True,False,True,False,True
839,1,"Chip, Mr. Chang",0.20276197213803718,0,0,1601,0.48910360681684706,Unknown,True,False,True,False,True
840,1,"Marechal, Mr. Pierre",-0.10463740114712752,0,0,11774,-0.05042144409739929,C47,True,False,False,False,False
841,0,"Alhomaki, Mr. Ilmari Rudolf",-0.719436147717457,0,0,SOTON/O2 3101287,-0.4888542575852486,Unknown,True,False,True,False,True
842,0,"Mudd, Mr. Thomas Charles",-1.0268355210026217,0,0,S.O./P.P. 3,-0.43700743807979686,Unknown,True,False,True,True,False
843,1,"Serepeca, Miss. Augusta",0.04906228549545483,0,0,113798,-0.024246350754841113,Unknown,False,False,False,False,False
844,0,"Lemberopolous, Mr. Peter L",0.3948865804412651,0,0,2683,-0.5188046047752911,Unknown,True,False,False,False,True
845,0,"Culumovic, Mr. Jeso",-0.9499856776813305,0,0,315090,-0.47400492578514347,Unknown,True,False,True,False,True
846,0,"Abbing, Mr. Anthony",0.9712604053509489,0,0,C.A. 5547,-0.49640476528021726,Unknown,True,False,True,False,True
847,0,"Sage, Mr. Douglas Bullen",-0.10463740114712752,8,2,CA. 2343,0.7519458402879414,Unknown,True,False,True,False,True
848,0,"Markoff, Mr. Marin",0.4333115021019107,0,0,349213,-0.4894421904510968,Unknown,True,False,False,False,True
849,0,"Harper, Rev. John",-0.10463740114712752,0,1,248727,0.016023023618325298,Unknown,True,False,True,True,False
850,1,"Goldenberg, Mrs. Samuel L (Edwiga Grabowska)",-0.10463740114712752,1,0,17453,1.145663540471827,C92,False,False,False,False,False
851,0,"Andersson, Master. Sigvard Harald Elias",-1.949033640858116,4,2,347082,-0.01870931177853076,Unknown,True,False,True,False,True
852,0,"Svensson, Mr. Johan",3.430455391632267,0,0,347060,-0.4918744606632361,Unknown,True,False,True,False,True
853,0,"Boulos, Miss. Nourelain",-1.56478442425166,1,1,2678,-0.3414522396297103,Unknown,False,False,False,False,True
854,1,"Lines, Miss. Mary Conover",-1.0268355210026217,0,1,PC 17592,0.14488502161245778,D28,False,False,True,False,False
855,0,"Carter, Mrs. Ernest Courtenay (Lilian Hughes)",1.1249600919935314,1,0,244252,-0.12491978668775715,Unknown,False,False,True,True,False
856,1,"Aks, Mrs. Sam (Leah Rosen)",-0.8731358343600393,0,1,392091,-0.4601623283443675,Unknown,False,False,True,False,True
857,1,"Wick, Mrs. George Dennick (Mary Hitchcock)",1.2018099353148226,1,1,36928,2.671117778445337,Unknown,False,False,True,False,False
858,1,"Daly, Mr. Peter Denis ",1.6629089952425695,0,0,113055,-0.11384570873513637,E17,True,False,True,False,False
859,1,"Baclini, Mrs. Solomon (Latifa Qurban)",-0.41203677443229225,0,3,2666,-0.26066180729354516,Unknown,False,False,False,False,True
860,0,"Razi, Mr. Raihed",-0.10463740114712752,0,0,2629,-0.5028639729296732,Unknown,True,False,False,False,True
861,0,"Hansen, Mr. Claus Peter",0.8944105620296577,2,0,350026,-0.36435544630444866,Unknown,True,False,True,False,True
862,0,"Giles, Mr. Frederick Edward",-0.6425863043961658,1,0,28134,-0.41687275089321363,Unknown,True,False,True,True,False
863,1,"Swift, Mrs. Frederick Joel (Margaret Welles Barron)",1.432359465278696,0,0,17466,-0.1263453225405672,D17,False,False,True,False,False
864,0,"Sage, Miss. Dorothy Edith ""Dolly""",-0.10463740114712752,8,2,CA. 2343,0.7519458402879414,Unknown,False,False,True,False,True
865,0,"Gill, Mr. John William",-0.41203677443229225,0,0,233866,-0.3866707201133388,Unknown,True,False,True,True,False
866,1,"Bystrom, Mrs. (Karolina)",0.9712604053509489,0,0,236852,-0.3866707201133388,Unknown,False,False,True,True,False
867,1,"Duran y More, Miss. Asuncion",-0.1814872444684187,1,0,SC/PARIS 2149,-0.3693891181010945,Unknown,False,False,False,True,False
868,0,"Roebling, Mr. Washington Augustus II",0.12591212881674602,0,0,PC 17590,0.3682954836973478,A24,True,False,True,False,False
869,0,"van Melkebeke, Mr. Philemon",-0.10463740114712752,0,0,345777,-0.45714212526638004,Unknown,True,False,True,False,True
870,1,"Johnson, Master. Harold Theodor",-1.949033640858116,1,1,347742,-0.4242561406845337,Unknown,True,False,True,False,True
871,0,"Balkic, Mr. Cerin",-0.2583370877897099,0,0,349248,-0.4894421904510968,Unknown,True,False,True,False,True
872,1,"Beckwith, Mrs. Richard Leonard (Sallie Monypeny)",1.3555096219574048,1,1,11751,0.40974072380221066,D35,False,False,True,False,False
873,0,"Carlsson, Mr. Frans Olof",0.27961181545932834,0,0,695,-0.5477482176060045,B51 B53 B55,True,False,True,False,False
874,0,"Vander Cruyssen, Mr. Victor",1.3555096219574048,0,0,345765,-0.46720946885967163,Unknown,True,False,True,False,True
875,1,"Abelson, Mrs. Samuel (Hannah Wizosky)",-0.10463740114712752,1,0,P/PP 3381,-0.16518916106092355,Unknown,False,False,False,True,False
876,1,"Najib, Miss. Adele Kiamie ""Jane""",-1.1036853643239128,0,0,2667,-0.5029485386158568,Unknown,False,False,False,False,True
877,0,"Gustafsson, Mr. Alfred Ossian",-0.719436147717457,0,0,7534,-0.45017955043725955,Unknown,True,False,True,False,True
878,0,"Petroff, Mr. Nedelio",-0.7962859910387481,0,0,349212,-0.4894421904510968,Unknown,True,False,True,False,True
879,0,"Laleff, Mr. Kristo",-0.10463740114712752,0,0,349217,-0.4894421904510968,Unknown,True,False,True,False,True
880,1,"Potter, Mrs. Thomas Jr (Lily Alexenia Wilson)",2.0471582118490255,0,1,11767,1.0259447039291216,C50,False,False,False,False,False
881,1,"Shelley, Mrs. William (Imanita Parrish Hall)",-0.33518693111100106,0,1,230433,-0.12491978668775715,Unknown,False,False,True,True,False
882,0,"Markun, Mr. Johann",0.27961181545932834,0,0,349257,-0.4894421904510968,Unknown,True,False,True,False,True
883,0,"Dahlberg, Miss. Gerda Ulrika",-0.5657364610748746,0,0,7552,-0.4366711888037809,Unknown,False,False,True,False,True
884,0,"Banfield, Mr. Frederick James",-0.10463740114712752,0,0,C.A./SOTON 34068,-0.43700743807979686,Unknown,True,False,True,True,False
885,0,"Sutehall, Mr. Henry Jr",-0.33518693111100106,0,0,SOTON/OQ 392076,-0.5064721088735089,Unknown,True,False,True,False,True
886,0,"Rice, Mrs. William (Margaret Norton)",0.7407108753870755,0,5,382652,-0.06199888922968463,Unknown,False,True,False,False,True
887,0,"Montvila, Rev. Juozas",-0.1814872444684187,0,0,211536,-0.3866707201133388,Unknown,True,False,True,True,False
888,1,"Graham, Miss. Margaret Edith",-0.7962859910387481,0,0,112053,-0.04438103794142432,B42,False,False,True,False,False
889,0,"Johnston, Miss. Catherine Helen ""Carrie""",-0.10463740114712752,1,2,W./C. 6607,-0.17626323901354432,Unknown,False,False,True,False,True
890,1,"Behr, Mr. Karl Howell",-0.2583370877897099,0,0,111369,-0.04438103794142432,C148,True,False,False,False,False
891,0,"Dooley, Mr. Patrick",0.20276197213803718,0,0,370376,-0.49237782784290063,Unknown,True,True,False,False,True
